timestamp_utc,repeat,gpu,driver,pstate_before,sm_clock_before_mhz,memory_clock_before_mhz,power_before_w,temperature_before_c,torch,cuda,triton,operator,rows,hidden_size,dtype,backend,median_us,pstate_after,sm_clock_after_mhz,memory_clock_after_mhz,power_after_w,temperature_after_c
20260929T150206Z,1,NVIDIA GeForce RTX 3050 Ti Laptop GPU,610.47,P0,1695,6001,18.72,59,2.8.0+cu128,12.8,3.4.0,fused_add_rms_norm,512,1024,fp16,torch,197.83482832067153,P0,1950,6001,48.72,68
20260929T150206Z,2,NVIDIA GeForce RTX 3050 Ti Laptop GPU,610.47,P0,1695,6001,18.72,59,2.8.0+cu128,12.8,3.4.0,fused_add_rms_norm,512,1024,fp16,torch,195.2958135547752,P0,1950,6001,48.72,68
20260929T150206Z,3,NVIDIA GeForce RTX 3050 Ti Laptop GPU,610.47,P0,1695,6001,18.72,59,2.8.0+cu128,12.8,3.4.0,fused_add_rms_norm,512,1024,fp16,torch,195.33761771949563,P0,1950,6001,48.72,68
20260929T150206Z,4,NVIDIA GeForce RTX 3050 Ti Laptop GPU,610.47,P0,1695,6001,18.72,59,2.8.0+cu128,12.8,3.4.0,fused_add_rms_norm,512,1024,fp16,torch,195.1807644700757,P0,1950,6001,48.72,68
20260929T150206Z,5,NVIDIA GeForce RTX 3050 Ti Laptop GPU,610.47,P0,1695,6001,18.72,59,2.8.0+cu128,12.8,3.4.0,fused_add_rms_norm,512,1024,fp16,torch,195.1857480135831,P0,1950,6001,48.72,68
20260929T150206Z,1,NVIDIA GeForce RTX 3050 Ti Laptop GPU,610.47,P0,1695,6001,18.72,59,2.8.0+cu128,12.8,3.4.0,fused_add_rms_norm,512,1024,fp16,triton,11.699508758912604,P0,1950,6001,48.72,68
20260929T150206Z,2,NVIDIA GeForce RTX 3050 Ti Laptop GPU,610.47,P0,1695,6001,18.72,59,2.8.0+cu128,12.8,3.4.0,fused_add_rms_norm,512,1024,fp16,triton,11.710360632614595,P0,1950,6001,48.72,68
20260929T150206Z,3,NVIDIA GeForce RTX 3050 Ti Laptop GPU,610.47,P0,1695,6001,18.72,59,2.8.0+cu128,12.8,3.4.0,fused_add_rms_norm,512,1024,fp16,triton,11.702614872395493,P0,1950,6001,48.72,68
20260929T150206Z,4,NVIDIA GeForce RTX 3050 Ti Laptop GPU,610.47,P0,1695,6001,18.72,59,2.8.0+cu128,12.8,3.4.0,fused_add_rms_norm,512,1024,fp16,triton,11.69035445195166,P0,1950,6001,48.72,68
20260929T150206Z,5,NVIDIA GeForce RTX 3050 Ti Laptop GPU,610.47,P0,1695,6001,18.72,59,2.8.0+cu128,12.8,3.4.0,fused_add_rms_norm,512,1024,fp16,triton,11.69933222247073,P0,1950,6001,48.72,68
20260929T150206Z,1,NVIDIA GeForce RTX 3050 Ti Laptop GPU,610.47,P0,1695,6001,18.72,59,2.8.0+cu128,12.8,3.4.0,fused_add_rms_norm,512,1024,bf16,torch,195.2939987182617,P0,1950,6001,48.72,68
20260929T150206Z,2,NVIDIA GeForce RTX 3050 Ti Laptop GPU,610.47,P0,1695,6001,18.72,59,2.8.0+cu128,12.8,3.4.0,fused_add_rms_norm,512,1024,bf16,torch,195.3209518292628,P0,1950,6001,48.72,68
20260929T150206Z,3,NVIDIA GeForce RTX 3050 Ti Laptop GPU,610.47,P0,1695,6001,18.72,59,2.8.0+cu128,12.8,3.4.0,fused_add_rms_norm,512,1024,bf16,torch,195.34244093784065,P0,1950,6001,48.72,68
20260929T150206Z,4,NVIDIA GeForce RTX 3050 Ti Laptop GPU,610.47,P0,1695,6001,18.72,59,2.8.0+cu128,12.8,3.4.0,fused_add_rms_norm,512,1024,bf16,torch,195.42641533745658,P0,1950,6001,48.72,68
20260929T150206Z,5,NVIDIA GeForce RTX 3050 Ti Laptop GPU,610.47,P0,1695,6001,18.72,59,2.8.0+cu128,12.8,3.4.0,fused_add_rms_norm,512,1024,bf16,torch,195.2925006162773,P0,1950,6001,48.72,68
20260929T150206Z,1,NVIDIA GeForce RTX 3050 Ti Laptop GPU,610.47,P0,1695,6001,18.72,59,2.8.0+cu128,12.8,3.4.0,fused_add_rms_norm,512,1024,bf16,triton,11.72748703640135,P0,1950,6001,48.72,68
20260929T150206Z,2,NVIDIA GeForce RTX 3050 Ti Laptop GPU,610.47,P0,1695,6001,18.72,59,2.8.0+cu128,12.8,3.4.0,fused_add_rms_norm,512,1024,bf16,triton,11.737052158073142,P0,1950,6001,48.72,68
20260929T150206Z,3,NVIDIA GeForce RTX 3050 Ti Laptop GPU,610.47,P0,1695,6001,18.72,59,2.8.0+cu128,12.8,3.4.0,fused_add_rms_norm,512,1024,bf16,triton,11.72325482555464,P0,1950,6001,48.72,68
20260929T150206Z,4,NVIDIA GeForce RTX 3050 Ti Laptop GPU,610.47,P0,1695,6001,18.72,59,2.8.0+cu128,12.8,3.4.0,fused_add_rms_norm,512,1024,bf16,triton,11.714425210046743,P0,1950,6001,48.72,68
20260929T150206Z,5,NVIDIA GeForce RTX 3050 Ti Laptop GPU,610.47,P0,1695,6001,18.72,59,2.8.0+cu128,12.8,3.4.0,fused_add_rms_norm,512,1024,bf16,triton,11.728984603554395,P0,1950,6001,48.72,68
20260929T150206Z,1,NVIDIA GeForce RTX 3050 Ti Laptop GPU,610.47,P0,1695,6001,18.72,59,2.8.0+cu128,12.8,3.4.0,fused_add_rms_norm,512,1024,fp32,torch,156.28743094533777,P0,1950,6001,48.72,68
20260929T150206Z,2,NVIDIA GeForce RTX 3050 Ti Laptop GPU,610.47,P0,1695,6001,18.72,59,2.8.0+cu128,12.8,3.4.0,fused_add_rms_norm,512,1024,fp32,torch,156.23061958400683,P0,1950,6001,48.72,68
20260929T150206Z,3,NVIDIA GeForce RTX 3050 Ti Laptop GPU,610.47,P0,1695,6001,18.72,59,2.8.0+cu128,12.8,3.4.0,fused_add_rms_norm,512,1024,fp32,torch,156.22691132805562,P0,1950,6001,48.72,68
20260929T150206Z,4,NVIDIA GeForce RTX 3050 Ti Laptop GPU,610.47,P0,1695,6001,18.72,59,2.8.0+cu128,12.8,3.4.0,fused_add_rms_norm,512,1024,fp32,torch,156.1764603487421,P0,1950,6001,48.72,68
20260929T150206Z,5,NVIDIA GeForce RTX 3050 Ti Laptop GPU,610.47,P0,1695,6001,18.72,59,2.8.0+cu128,12.8,3.4.0,fused_add_rms_norm,512,1024,fp32,torch,156.11668820782896,P0,1950,6001,48.72,68
20260929T150206Z,1,NVIDIA GeForce RTX 3050 Ti Laptop GPU,610.47,P0,1695,6001,18.72,59,2.8.0+cu128,12.8,3.4.0,fused_add_rms_norm,512,1024,fp32,triton,45.604872605437606,P0,1950,6001,48.72,68
20260929T150206Z,2,NVIDIA GeForce RTX 3050 Ti Laptop GPU,610.47,P0,1695,6001,18.72,59,2.8.0+cu128,12.8,3.4.0,fused_add_rms_norm,512,1024,fp32,triton,45.59681116576363,P0,1950,6001,48.72,68
20260929T150206Z,3,NVIDIA GeForce RTX 3050 Ti Laptop GPU,610.47,P0,1695,6001,18.72,59,2.8.0+cu128,12.8,3.4.0,fused_add_rms_norm,512,1024,fp32,triton,45.612121450489965,P0,1950,6001,48.72,68
20260929T150206Z,4,NVIDIA GeForce RTX 3050 Ti Laptop GPU,610.47,P0,1695,6001,18.72,59,2.8.0+cu128,12.8,3.4.0,fused_add_rms_norm,512,1024,fp32,triton,45.57918135527593,P0,1950,6001,48.72,68
20260929T150206Z,5,NVIDIA GeForce RTX 3050 Ti Laptop GPU,610.47,P0,1695,6001,18.72,59,2.8.0+cu128,12.8,3.4.0,fused_add_rms_norm,512,1024,fp32,triton,45.61802389199841,P0,1950,6001,48.72,68
