timestamp_utc,repeat,gpu_before,driver_before,pstate_before,sm_clock_mhz_before,memory_clock_mhz_before,power_w_before,temperature_c_before,torch,cuda,triton,rows,hidden_size,dtype,backend,measurement,median_us,warmup,runs,rep_ms,allow_tf32,allow_fp16_reduced_precision_reduction,allow_bf16_reduced_precision_reduction,kernel_source_sha256,reference_source_sha256,source_revision,dirty,gpu_after,driver_after,pstate_after,sm_clock_mhz_after,memory_clock_mhz_after,power_w_after,temperature_c_after
20261004T041504Z,1,NVIDIA GeForce RTX 3050 Ti Laptop GPU,610.47,P0,1695,6001,18.93,61,2.8.0+cu128,12.8,3.4.0,512,1024,bf16,torch_reference,cuda_graph,29.327957952686585,20,5,50,False,False,False,6bb0e3e7cfd443a519cfddaed88ae200ec3bce1be3802ee869a335472f6ffa16,d556884aaa1ac2a60b381bd0ab2c1fb7d7d5543a82c5b31904252b93f9c7ce59,7bef2a2a83b7f07f200238a02e3433a15244d9bb,True,NVIDIA GeForce RTX 3050 Ti Laptop GPU,610.47,P0,1950,6001,55.72,70
20261004T041504Z,1,NVIDIA GeForce RTX 3050 Ti Laptop GPU,610.47,P0,1695,6001,18.93,61,2.8.0+cu128,12.8,3.4.0,512,1024,bf16,torch_native,cuda_graph,7.698601194769922,20,5,50,False,False,False,6bb0e3e7cfd443a519cfddaed88ae200ec3bce1be3802ee869a335472f6ffa16,d556884aaa1ac2a60b381bd0ab2c1fb7d7d5543a82c5b31904252b93f9c7ce59,7bef2a2a83b7f07f200238a02e3433a15244d9bb,True,NVIDIA GeForce RTX 3050 Ti Laptop GPU,610.47,P0,1950,6001,55.72,70
20261004T041504Z,1,NVIDIA GeForce RTX 3050 Ti Laptop GPU,610.47,P0,1695,6001,18.93,61,2.8.0+cu128,12.8,3.4.0,512,1024,bf16,triton,cuda_graph,2.8163003827272197,20,5,50,False,False,False,6bb0e3e7cfd443a519cfddaed88ae200ec3bce1be3802ee869a335472f6ffa16,d556884aaa1ac2a60b381bd0ab2c1fb7d7d5543a82c5b31904252b93f9c7ce59,7bef2a2a83b7f07f200238a02e3433a15244d9bb,True,NVIDIA GeForce RTX 3050 Ti Laptop GPU,610.47,P0,1950,6001,55.72,70
20261004T041504Z,2,NVIDIA GeForce RTX 3050 Ti Laptop GPU,610.47,P0,1695,6001,18.93,61,2.8.0+cu128,12.8,3.4.0,512,1024,bf16,torch_reference,cuda_graph,28.026434743828453,20,5,50,False,False,False,6bb0e3e7cfd443a519cfddaed88ae200ec3bce1be3802ee869a335472f6ffa16,d556884aaa1ac2a60b381bd0ab2c1fb7d7d5543a82c5b31904252b93f9c7ce59,7bef2a2a83b7f07f200238a02e3433a15244d9bb,True,NVIDIA GeForce RTX 3050 Ti Laptop GPU,610.47,P0,1950,6001,55.72,70
20261004T041504Z,2,NVIDIA GeForce RTX 3050 Ti Laptop GPU,610.47,P0,1695,6001,18.93,61,2.8.0+cu128,12.8,3.4.0,512,1024,bf16,triton,cuda_graph,2.792934421967877,20,5,50,False,False,False,6bb0e3e7cfd443a519cfddaed88ae200ec3bce1be3802ee869a335472f6ffa16,d556884aaa1ac2a60b381bd0ab2c1fb7d7d5543a82c5b31904252b93f9c7ce59,7bef2a2a83b7f07f200238a02e3433a15244d9bb,True,NVIDIA GeForce RTX 3050 Ti Laptop GPU,610.47,P0,1950,6001,55.72,70
20261004T041504Z,2,NVIDIA GeForce RTX 3050 Ti Laptop GPU,610.47,P0,1695,6001,18.93,61,2.8.0+cu128,12.8,3.4.0,512,1024,bf16,torch_native,cuda_graph,7.530566753595249,20,5,50,False,False,False,6bb0e3e7cfd443a519cfddaed88ae200ec3bce1be3802ee869a335472f6ffa16,d556884aaa1ac2a60b381bd0ab2c1fb7d7d5543a82c5b31904252b93f9c7ce59,7bef2a2a83b7f07f200238a02e3433a15244d9bb,True,NVIDIA GeForce RTX 3050 Ti Laptop GPU,610.47,P0,1950,6001,55.72,70
20261004T041504Z,3,NVIDIA GeForce RTX 3050 Ti Laptop GPU,610.47,P0,1695,6001,18.93,61,2.8.0+cu128,12.8,3.4.0,512,1024,bf16,triton,cuda_graph,2.8116974510064647,20,5,50,False,False,False,6bb0e3e7cfd443a519cfddaed88ae200ec3bce1be3802ee869a335472f6ffa16,d556884aaa1ac2a60b381bd0ab2c1fb7d7d5543a82c5b31904252b93f9c7ce59,7bef2a2a83b7f07f200238a02e3433a15244d9bb,True,NVIDIA GeForce RTX 3050 Ti Laptop GPU,610.47,P0,1950,6001,55.72,70
20261004T041504Z,3,NVIDIA GeForce RTX 3050 Ti Laptop GPU,610.47,P0,1695,6001,18.93,61,2.8.0+cu128,12.8,3.4.0,512,1024,bf16,torch_reference,cuda_graph,28.019188550473114,20,5,50,False,False,False,6bb0e3e7cfd443a519cfddaed88ae200ec3bce1be3802ee869a335472f6ffa16,d556884aaa1ac2a60b381bd0ab2c1fb7d7d5543a82c5b31904252b93f9c7ce59,7bef2a2a83b7f07f200238a02e3433a15244d9bb,True,NVIDIA GeForce RTX 3050 Ti Laptop GPU,610.47,P0,1950,6001,55.72,70
20261004T041504Z,3,NVIDIA GeForce RTX 3050 Ti Laptop GPU,610.47,P0,1695,6001,18.93,61,2.8.0+cu128,12.8,3.4.0,512,1024,bf16,torch_native,cuda_graph,7.529294049298321,20,5,50,False,False,False,6bb0e3e7cfd443a519cfddaed88ae200ec3bce1be3802ee869a335472f6ffa16,d556884aaa1ac2a60b381bd0ab2c1fb7d7d5543a82c5b31904252b93f9c7ce59,7bef2a2a83b7f07f200238a02e3433a15244d9bb,True,NVIDIA GeForce RTX 3050 Ti Laptop GPU,610.47,P0,1950,6001,55.72,70
20261004T041504Z,4,NVIDIA GeForce RTX 3050 Ti Laptop GPU,610.47,P0,1695,6001,18.93,61,2.8.0+cu128,12.8,3.4.0,512,1024,bf16,triton,cuda_graph,2.796284913387651,20,5,50,False,False,False,6bb0e3e7cfd443a519cfddaed88ae200ec3bce1be3802ee869a335472f6ffa16,d556884aaa1ac2a60b381bd0ab2c1fb7d7d5543a82c5b31904252b93f9c7ce59,7bef2a2a83b7f07f200238a02e3433a15244d9bb,True,NVIDIA GeForce RTX 3050 Ti Laptop GPU,610.47,P0,1950,6001,55.72,70
20261004T041504Z,4,NVIDIA GeForce RTX 3050 Ti Laptop GPU,610.47,P0,1695,6001,18.93,61,2.8.0+cu128,12.8,3.4.0,512,1024,bf16,torch_native,cuda_graph,7.532052018425681,20,5,50,False,False,False,6bb0e3e7cfd443a519cfddaed88ae200ec3bce1be3802ee869a335472f6ffa16,d556884aaa1ac2a60b381bd0ab2c1fb7d7d5543a82c5b31904252b93f9c7ce59,7bef2a2a83b7f07f200238a02e3433a15244d9bb,True,NVIDIA GeForce RTX 3050 Ti Laptop GPU,610.47,P0,1950,6001,55.72,70
20261004T041504Z,4,NVIDIA GeForce RTX 3050 Ti Laptop GPU,610.47,P0,1695,6001,18.93,61,2.8.0+cu128,12.8,3.4.0,512,1024,bf16,torch_reference,cuda_graph,27.9739762262968,20,5,50,False,False,False,6bb0e3e7cfd443a519cfddaed88ae200ec3bce1be3802ee869a335472f6ffa16,d556884aaa1ac2a60b381bd0ab2c1fb7d7d5543a82c5b31904252b93f9c7ce59,7bef2a2a83b7f07f200238a02e3433a15244d9bb,True,NVIDIA GeForce RTX 3050 Ti Laptop GPU,610.47,P0,1950,6001,55.72,70
20261004T041504Z,5,NVIDIA GeForce RTX 3050 Ti Laptop GPU,610.47,P0,1695,6001,18.93,61,2.8.0+cu128,12.8,3.4.0,512,1024,bf16,torch_native,cuda_graph,7.528859073543207,20,5,50,False,False,False,6bb0e3e7cfd443a519cfddaed88ae200ec3bce1be3802ee869a335472f6ffa16,d556884aaa1ac2a60b381bd0ab2c1fb7d7d5543a82c5b31904252b93f9c7ce59,7bef2a2a83b7f07f200238a02e3433a15244d9bb,True,NVIDIA GeForce RTX 3050 Ti Laptop GPU,610.47,P0,1950,6001,55.72,70
20261004T041504Z,5,NVIDIA GeForce RTX 3050 Ti Laptop GPU,610.47,P0,1695,6001,18.93,61,2.8.0+cu128,12.8,3.4.0,512,1024,bf16,triton,cuda_graph,2.7967589023785715,20,5,50,False,False,False,6bb0e3e7cfd443a519cfddaed88ae200ec3bce1be3802ee869a335472f6ffa16,d556884aaa1ac2a60b381bd0ab2c1fb7d7d5543a82c5b31904252b93f9c7ce59,7bef2a2a83b7f07f200238a02e3433a15244d9bb,True,NVIDIA GeForce RTX 3050 Ti Laptop GPU,610.47,P0,1950,6001,55.72,70
20261004T041504Z,5,NVIDIA GeForce RTX 3050 Ti Laptop GPU,610.47,P0,1695,6001,18.93,61,2.8.0+cu128,12.8,3.4.0,512,1024,bf16,torch_reference,cuda_graph,28.020101198008366,20,5,50,False,False,False,6bb0e3e7cfd443a519cfddaed88ae200ec3bce1be3802ee869a335472f6ffa16,d556884aaa1ac2a60b381bd0ab2c1fb7d7d5543a82c5b31904252b93f9c7ce59,7bef2a2a83b7f07f200238a02e3433a15244d9bb,True,NVIDIA GeForce RTX 3050 Ti Laptop GPU,610.47,P0,1950,6001,55.72,70
20261004T041504Z,1,NVIDIA GeForce RTX 3050 Ti Laptop GPU,610.47,P0,1950,6001,55.72,70,2.8.0+cu128,12.8,3.4.0,512,2048,bf16,torch_reference,cuda_graph,58.76776470857508,20,5,50,False,False,False,6bb0e3e7cfd443a519cfddaed88ae200ec3bce1be3802ee869a335472f6ffa16,d556884aaa1ac2a60b381bd0ab2c1fb7d7d5543a82c5b31904252b93f9c7ce59,7bef2a2a83b7f07f200238a02e3433a15244d9bb,True,NVIDIA GeForce RTX 3050 Ti Laptop GPU,610.47,P0,1935,6001,59.89,69
20261004T041504Z,1,NVIDIA GeForce RTX 3050 Ti Laptop GPU,610.47,P0,1950,6001,55.72,70,2.8.0+cu128,12.8,3.4.0,512,2048,bf16,torch_native,cuda_graph,13.769437045128477,20,5,50,False,False,False,6bb0e3e7cfd443a519cfddaed88ae200ec3bce1be3802ee869a335472f6ffa16,d556884aaa1ac2a60b381bd0ab2c1fb7d7d5543a82c5b31904252b93f9c7ce59,7bef2a2a83b7f07f200238a02e3433a15244d9bb,True,NVIDIA GeForce RTX 3050 Ti Laptop GPU,610.47,P0,1935,6001,59.89,69
20261004T041504Z,1,NVIDIA GeForce RTX 3050 Ti Laptop GPU,610.47,P0,1950,6001,55.72,70,2.8.0+cu128,12.8,3.4.0,512,2048,bf16,triton,cuda_graph,4.293462624665432,20,5,50,False,False,False,6bb0e3e7cfd443a519cfddaed88ae200ec3bce1be3802ee869a335472f6ffa16,d556884aaa1ac2a60b381bd0ab2c1fb7d7d5543a82c5b31904252b93f9c7ce59,7bef2a2a83b7f07f200238a02e3433a15244d9bb,True,NVIDIA GeForce RTX 3050 Ti Laptop GPU,610.47,P0,1935,6001,59.89,69
20261004T041504Z,2,NVIDIA GeForce RTX 3050 Ti Laptop GPU,610.47,P0,1950,6001,55.72,70,2.8.0+cu128,12.8,3.4.0,512,2048,bf16,torch_reference,cuda_graph,59.047861595374314,20,5,50,False,False,False,6bb0e3e7cfd443a519cfddaed88ae200ec3bce1be3802ee869a335472f6ffa16,d556884aaa1ac2a60b381bd0ab2c1fb7d7d5543a82c5b31904252b93f9c7ce59,7bef2a2a83b7f07f200238a02e3433a15244d9bb,True,NVIDIA GeForce RTX 3050 Ti Laptop GPU,610.47,P0,1935,6001,59.89,69
20261004T041504Z,2,NVIDIA GeForce RTX 3050 Ti Laptop GPU,610.47,P0,1950,6001,55.72,70,2.8.0+cu128,12.8,3.4.0,512,2048,bf16,triton,cuda_graph,4.283458186734108,20,5,50,False,False,False,6bb0e3e7cfd443a519cfddaed88ae200ec3bce1be3802ee869a335472f6ffa16,d556884aaa1ac2a60b381bd0ab2c1fb7d7d5543a82c5b31904252b93f9c7ce59,7bef2a2a83b7f07f200238a02e3433a15244d9bb,True,NVIDIA GeForce RTX 3050 Ti Laptop GPU,610.47,P0,1935,6001,59.89,69
20261004T041504Z,2,NVIDIA GeForce RTX 3050 Ti Laptop GPU,610.47,P0,1950,6001,55.72,70,2.8.0+cu128,12.8,3.4.0,512,2048,bf16,torch_native,cuda_graph,13.774756292027595,20,5,50,False,False,False,6bb0e3e7cfd443a519cfddaed88ae200ec3bce1be3802ee869a335472f6ffa16,d556884aaa1ac2a60b381bd0ab2c1fb7d7d5543a82c5b31904252b93f9c7ce59,7bef2a2a83b7f07f200238a02e3433a15244d9bb,True,NVIDIA GeForce RTX 3050 Ti Laptop GPU,610.47,P0,1935,6001,59.89,69
20261004T041504Z,3,NVIDIA GeForce RTX 3050 Ti Laptop GPU,610.47,P0,1950,6001,55.72,70,2.8.0+cu128,12.8,3.4.0,512,2048,bf16,triton,cuda_graph,4.280831813812256,20,5,50,False,False,False,6bb0e3e7cfd443a519cfddaed88ae200ec3bce1be3802ee869a335472f6ffa16,d556884aaa1ac2a60b381bd0ab2c1fb7d7d5543a82c5b31904252b93f9c7ce59,7bef2a2a83b7f07f200238a02e3433a15244d9bb,True,NVIDIA GeForce RTX 3050 Ti Laptop GPU,610.47,P0,1935,6001,59.89,69
20261004T041504Z,3,NVIDIA GeForce RTX 3050 Ti Laptop GPU,610.47,P0,1950,6001,55.72,70,2.8.0+cu128,12.8,3.4.0,512,2048,bf16,torch_reference,cuda_graph,58.98047298696206,20,5,50,False,False,False,6bb0e3e7cfd443a519cfddaed88ae200ec3bce1be3802ee869a335472f6ffa16,d556884aaa1ac2a60b381bd0ab2c1fb7d7d5543a82c5b31904252b93f9c7ce59,7bef2a2a83b7f07f200238a02e3433a15244d9bb,True,NVIDIA GeForce RTX 3050 Ti Laptop GPU,610.47,P0,1935,6001,59.89,69
20261004T041504Z,3,NVIDIA GeForce RTX 3050 Ti Laptop GPU,610.47,P0,1950,6001,55.72,70,2.8.0+cu128,12.8,3.4.0,512,2048,bf16,torch_native,cuda_graph,13.776828945041993,20,5,50,False,False,False,6bb0e3e7cfd443a519cfddaed88ae200ec3bce1be3802ee869a335472f6ffa16,d556884aaa1ac2a60b381bd0ab2c1fb7d7d5543a82c5b31904252b93f9c7ce59,7bef2a2a83b7f07f200238a02e3433a15244d9bb,True,NVIDIA GeForce RTX 3050 Ti Laptop GPU,610.47,P0,1935,6001,59.89,69
20261004T041504Z,4,NVIDIA GeForce RTX 3050 Ti Laptop GPU,610.47,P0,1950,6001,55.72,70,2.8.0+cu128,12.8,3.4.0,512,2048,bf16,triton,cuda_graph,4.281818575975372,20,5,50,False,False,False,6bb0e3e7cfd443a519cfddaed88ae200ec3bce1be3802ee869a335472f6ffa16,d556884aaa1ac2a60b381bd0ab2c1fb7d7d5543a82c5b31904252b93f9c7ce59,7bef2a2a83b7f07f200238a02e3433a15244d9bb,True,NVIDIA GeForce RTX 3050 Ti Laptop GPU,610.47,P0,1935,6001,59.89,69
20261004T041504Z,4,NVIDIA GeForce RTX 3050 Ti Laptop GPU,610.47,P0,1950,6001,55.72,70,2.8.0+cu128,12.8,3.4.0,512,2048,bf16,torch_native,cuda_graph,13.77714272412053,20,5,50,False,False,False,6bb0e3e7cfd443a519cfddaed88ae200ec3bce1be3802ee869a335472f6ffa16,d556884aaa1ac2a60b381bd0ab2c1fb7d7d5543a82c5b31904252b93f9c7ce59,7bef2a2a83b7f07f200238a02e3433a15244d9bb,True,NVIDIA GeForce RTX 3050 Ti Laptop GPU,610.47,P0,1935,6001,59.89,69
20261004T041504Z,4,NVIDIA GeForce RTX 3050 Ti Laptop GPU,610.47,P0,1950,6001,55.72,70,2.8.0+cu128,12.8,3.4.0,512,2048,bf16,torch_reference,cuda_graph,58.889268210570734,20,5,50,False,False,False,6bb0e3e7cfd443a519cfddaed88ae200ec3bce1be3802ee869a335472f6ffa16,d556884aaa1ac2a60b381bd0ab2c1fb7d7d5543a82c5b31904252b93f9c7ce59,7bef2a2a83b7f07f200238a02e3433a15244d9bb,True,NVIDIA GeForce RTX 3050 Ti Laptop GPU,610.47,P0,1935,6001,59.89,69
20261004T041504Z,5,NVIDIA GeForce RTX 3050 Ti Laptop GPU,610.47,P0,1950,6001,55.72,70,2.8.0+cu128,12.8,3.4.0,512,2048,bf16,torch_native,cuda_graph,13.787953038155539,20,5,50,False,False,False,6bb0e3e7cfd443a519cfddaed88ae200ec3bce1be3802ee869a335472f6ffa16,d556884aaa1ac2a60b381bd0ab2c1fb7d7d5543a82c5b31904252b93f9c7ce59,7bef2a2a83b7f07f200238a02e3433a15244d9bb,True,NVIDIA GeForce RTX 3050 Ti Laptop GPU,610.47,P0,1935,6001,59.89,69
20261004T041504Z,5,NVIDIA GeForce RTX 3050 Ti Laptop GPU,610.47,P0,1950,6001,55.72,70,2.8.0+cu128,12.8,3.4.0,512,2048,bf16,triton,cuda_graph,4.274939065394194,20,5,50,False,False,False,6bb0e3e7cfd443a519cfddaed88ae200ec3bce1be3802ee869a335472f6ffa16,d556884aaa1ac2a60b381bd0ab2c1fb7d7d5543a82c5b31904252b93f9c7ce59,7bef2a2a83b7f07f200238a02e3433a15244d9bb,True,NVIDIA GeForce RTX 3050 Ti Laptop GPU,610.47,P0,1935,6001,59.89,69
20261004T041504Z,5,NVIDIA GeForce RTX 3050 Ti Laptop GPU,610.47,P0,1950,6001,55.72,70,2.8.0+cu128,12.8,3.4.0,512,2048,bf16,torch_reference,cuda_graph,58.55362698183221,20,5,50,False,False,False,6bb0e3e7cfd443a519cfddaed88ae200ec3bce1be3802ee869a335472f6ffa16,d556884aaa1ac2a60b381bd0ab2c1fb7d7d5543a82c5b31904252b93f9c7ce59,7bef2a2a83b7f07f200238a02e3433a15244d9bb,True,NVIDIA GeForce RTX 3050 Ti Laptop GPU,610.47,P0,1935,6001,59.89,69
20261004T041504Z,1,NVIDIA GeForce RTX 3050 Ti Laptop GPU,610.47,P0,1935,6001,56.77,69,2.8.0+cu128,12.8,3.4.0,1024,1024,bf16,torch_reference,cuda_graph,59.62494441441127,20,5,50,False,False,False,6bb0e3e7cfd443a519cfddaed88ae200ec3bce1be3802ee869a335472f6ffa16,d556884aaa1ac2a60b381bd0ab2c1fb7d7d5543a82c5b31904252b93f9c7ce59,7bef2a2a83b7f07f200238a02e3433a15244d9bb,True,NVIDIA GeForce RTX 3050 Ti Laptop GPU,610.47,P0,1935,6001,52.35,71
20261004T041504Z,1,NVIDIA GeForce RTX 3050 Ti Laptop GPU,610.47,P0,1935,6001,56.77,69,2.8.0+cu128,12.8,3.4.0,1024,1024,bf16,torch_native,cuda_graph,11.086257377473435,20,5,50,False,False,False,6bb0e3e7cfd443a519cfddaed88ae200ec3bce1be3802ee869a335472f6ffa16,d556884aaa1ac2a60b381bd0ab2c1fb7d7d5543a82c5b31904252b93f9c7ce59,7bef2a2a83b7f07f200238a02e3433a15244d9bb,True,NVIDIA GeForce RTX 3050 Ti Laptop GPU,610.47,P0,1935,6001,52.35,71
20261004T041504Z,1,NVIDIA GeForce RTX 3050 Ti Laptop GPU,610.47,P0,1935,6001,56.77,69,2.8.0+cu128,12.8,3.4.0,1024,1024,bf16,triton,cuda_graph,4.872996814715595,20,5,50,False,False,False,6bb0e3e7cfd443a519cfddaed88ae200ec3bce1be3802ee869a335472f6ffa16,d556884aaa1ac2a60b381bd0ab2c1fb7d7d5543a82c5b31904252b93f9c7ce59,7bef2a2a83b7f07f200238a02e3433a15244d9bb,True,NVIDIA GeForce RTX 3050 Ti Laptop GPU,610.47,P0,1935,6001,52.35,71
20261004T041504Z,2,NVIDIA GeForce RTX 3050 Ti Laptop GPU,610.47,P0,1935,6001,56.77,69,2.8.0+cu128,12.8,3.4.0,1024,1024,bf16,torch_reference,cuda_graph,59.609005782777906,20,5,50,False,False,False,6bb0e3e7cfd443a519cfddaed88ae200ec3bce1be3802ee869a335472f6ffa16,d556884aaa1ac2a60b381bd0ab2c1fb7d7d5543a82c5b31904252b93f9c7ce59,7bef2a2a83b7f07f200238a02e3433a15244d9bb,True,NVIDIA GeForce RTX 3050 Ti Laptop GPU,610.47,P0,1935,6001,52.35,71
20261004T041504Z,2,NVIDIA GeForce RTX 3050 Ti Laptop GPU,610.47,P0,1935,6001,56.77,69,2.8.0+cu128,12.8,3.4.0,1024,1024,bf16,triton,cuda_graph,4.864988333163268,20,5,50,False,False,False,6bb0e3e7cfd443a519cfddaed88ae200ec3bce1be3802ee869a335472f6ffa16,d556884aaa1ac2a60b381bd0ab2c1fb7d7d5543a82c5b31904252b93f9c7ce59,7bef2a2a83b7f07f200238a02e3433a15244d9bb,True,NVIDIA GeForce RTX 3050 Ti Laptop GPU,610.47,P0,1935,6001,52.35,71
20261004T041504Z,2,NVIDIA GeForce RTX 3050 Ti Laptop GPU,610.47,P0,1935,6001,56.77,69,2.8.0+cu128,12.8,3.4.0,1024,1024,bf16,torch_native,cuda_graph,11.060432215546074,20,5,50,False,False,False,6bb0e3e7cfd443a519cfddaed88ae200ec3bce1be3802ee869a335472f6ffa16,d556884aaa1ac2a60b381bd0ab2c1fb7d7d5543a82c5b31904252b93f9c7ce59,7bef2a2a83b7f07f200238a02e3433a15244d9bb,True,NVIDIA GeForce RTX 3050 Ti Laptop GPU,610.47,P0,1935,6001,52.35,71
20261004T041504Z,3,NVIDIA GeForce RTX 3050 Ti Laptop GPU,610.47,P0,1935,6001,56.77,69,2.8.0+cu128,12.8,3.4.0,1024,1024,bf16,triton,cuda_graph,4.870015886094834,20,5,50,False,False,False,6bb0e3e7cfd443a519cfddaed88ae200ec3bce1be3802ee869a335472f6ffa16,d556884aaa1ac2a60b381bd0ab2c1fb7d7d5543a82c5b31904252b93f9c7ce59,7bef2a2a83b7f07f200238a02e3433a15244d9bb,True,NVIDIA GeForce RTX 3050 Ti Laptop GPU,610.47,P0,1935,6001,52.35,71
20261004T041504Z,3,NVIDIA GeForce RTX 3050 Ti Laptop GPU,610.47,P0,1935,6001,56.77,69,2.8.0+cu128,12.8,3.4.0,1024,1024,bf16,torch_reference,cuda_graph,59.84793892202452,20,5,50,False,False,False,6bb0e3e7cfd443a519cfddaed88ae200ec3bce1be3802ee869a335472f6ffa16,d556884aaa1ac2a60b381bd0ab2c1fb7d7d5543a82c5b31904252b93f9c7ce59,7bef2a2a83b7f07f200238a02e3433a15244d9bb,True,NVIDIA GeForce RTX 3050 Ti Laptop GPU,610.47,P0,1935,6001,52.35,71
20261004T041504Z,3,NVIDIA GeForce RTX 3050 Ti Laptop GPU,610.47,P0,1935,6001,56.77,69,2.8.0+cu128,12.8,3.4.0,1024,1024,bf16,torch_native,cuda_graph,11.073040377709173,20,5,50,False,False,False,6bb0e3e7cfd443a519cfddaed88ae200ec3bce1be3802ee869a335472f6ffa16,d556884aaa1ac2a60b381bd0ab2c1fb7d7d5543a82c5b31904252b93f9c7ce59,7bef2a2a83b7f07f200238a02e3433a15244d9bb,True,NVIDIA GeForce RTX 3050 Ti Laptop GPU,610.47,P0,1935,6001,52.35,71
20261004T041504Z,4,NVIDIA GeForce RTX 3050 Ti Laptop GPU,610.47,P0,1935,6001,56.77,69,2.8.0+cu128,12.8,3.4.0,1024,1024,bf16,triton,cuda_graph,4.841360429517266,20,5,50,False,False,False,6bb0e3e7cfd443a519cfddaed88ae200ec3bce1be3802ee869a335472f6ffa16,d556884aaa1ac2a60b381bd0ab2c1fb7d7d5543a82c5b31904252b93f9c7ce59,7bef2a2a83b7f07f200238a02e3433a15244d9bb,True,NVIDIA GeForce RTX 3050 Ti Laptop GPU,610.47,P0,1935,6001,52.35,71
20261004T041504Z,4,NVIDIA GeForce RTX 3050 Ti Laptop GPU,610.47,P0,1935,6001,56.77,69,2.8.0+cu128,12.8,3.4.0,1024,1024,bf16,torch_native,cuda_graph,11.068357409554533,20,5,50,False,False,False,6bb0e3e7cfd443a519cfddaed88ae200ec3bce1be3802ee869a335472f6ffa16,d556884aaa1ac2a60b381bd0ab2c1fb7d7d5543a82c5b31904252b93f9c7ce59,7bef2a2a83b7f07f200238a02e3433a15244d9bb,True,NVIDIA GeForce RTX 3050 Ti Laptop GPU,610.47,P0,1935,6001,52.35,71
20261004T041504Z,4,NVIDIA GeForce RTX 3050 Ti Laptop GPU,610.47,P0,1935,6001,56.77,69,2.8.0+cu128,12.8,3.4.0,1024,1024,bf16,torch_reference,cuda_graph,60.38933512808263,20,5,50,False,False,False,6bb0e3e7cfd443a519cfddaed88ae200ec3bce1be3802ee869a335472f6ffa16,d556884aaa1ac2a60b381bd0ab2c1fb7d7d5543a82c5b31904252b93f9c7ce59,7bef2a2a83b7f07f200238a02e3433a15244d9bb,True,NVIDIA GeForce RTX 3050 Ti Laptop GPU,610.47,P0,1935,6001,52.35,71
20261004T041504Z,5,NVIDIA GeForce RTX 3050 Ti Laptop GPU,610.47,P0,1935,6001,56.77,69,2.8.0+cu128,12.8,3.4.0,1024,1024,bf16,torch_native,cuda_graph,11.056649080619284,20,5,50,False,False,False,6bb0e3e7cfd443a519cfddaed88ae200ec3bce1be3802ee869a335472f6ffa16,d556884aaa1ac2a60b381bd0ab2c1fb7d7d5543a82c5b31904252b93f9c7ce59,7bef2a2a83b7f07f200238a02e3433a15244d9bb,True,NVIDIA GeForce RTX 3050 Ti Laptop GPU,610.47,P0,1935,6001,52.35,71
20261004T041504Z,5,NVIDIA GeForce RTX 3050 Ti Laptop GPU,610.47,P0,1935,6001,56.77,69,2.8.0+cu128,12.8,3.4.0,1024,1024,bf16,triton,cuda_graph,4.848878741882008,20,5,50,False,False,False,6bb0e3e7cfd443a519cfddaed88ae200ec3bce1be3802ee869a335472f6ffa16,d556884aaa1ac2a60b381bd0ab2c1fb7d7d5543a82c5b31904252b93f9c7ce59,7bef2a2a83b7f07f200238a02e3433a15244d9bb,True,NVIDIA GeForce RTX 3050 Ti Laptop GPU,610.47,P0,1935,6001,52.35,71
20261004T041504Z,5,NVIDIA GeForce RTX 3050 Ti Laptop GPU,610.47,P0,1935,6001,56.77,69,2.8.0+cu128,12.8,3.4.0,1024,1024,bf16,torch_reference,cuda_graph,60.293843025384945,20,5,50,False,False,False,6bb0e3e7cfd443a519cfddaed88ae200ec3bce1be3802ee869a335472f6ffa16,d556884aaa1ac2a60b381bd0ab2c1fb7d7d5543a82c5b31904252b93f9c7ce59,7bef2a2a83b7f07f200238a02e3433a15244d9bb,True,NVIDIA GeForce RTX 3050 Ti Laptop GPU,610.47,P0,1935,6001,52.35,71
20261004T041504Z,1,NVIDIA GeForce RTX 3050 Ti Laptop GPU,610.47,P0,1935,6001,52.19,71,2.8.0+cu128,12.8,3.4.0,1024,2048,bf16,torch_reference,cuda_graph,122.59030674161353,20,5,50,False,False,False,6bb0e3e7cfd443a519cfddaed88ae200ec3bce1be3802ee869a335472f6ffa16,d556884aaa1ac2a60b381bd0ab2c1fb7d7d5543a82c5b31904252b93f9c7ce59,7bef2a2a83b7f07f200238a02e3433a15244d9bb,True,NVIDIA GeForce RTX 3050 Ti Laptop GPU,610.47,P0,1935,6001,58.87,73
20261004T041504Z,1,NVIDIA GeForce RTX 3050 Ti Laptop GPU,610.47,P0,1935,6001,52.19,71,2.8.0+cu128,12.8,3.4.0,1024,2048,bf16,torch_native,cuda_graph,26.90665726173716,20,5,50,False,False,False,6bb0e3e7cfd443a519cfddaed88ae200ec3bce1be3802ee869a335472f6ffa16,d556884aaa1ac2a60b381bd0ab2c1fb7d7d5543a82c5b31904252b93f9c7ce59,7bef2a2a83b7f07f200238a02e3433a15244d9bb,True,NVIDIA GeForce RTX 3050 Ti Laptop GPU,610.47,P0,1935,6001,58.87,73
20261004T041504Z,1,NVIDIA GeForce RTX 3050 Ti Laptop GPU,610.47,P0,1935,6001,52.19,71,2.8.0+cu128,12.8,3.4.0,1024,2048,bf16,triton,cuda_graph,23.936207430350347,20,5,50,False,False,False,6bb0e3e7cfd443a519cfddaed88ae200ec3bce1be3802ee869a335472f6ffa16,d556884aaa1ac2a60b381bd0ab2c1fb7d7d5543a82c5b31904252b93f9c7ce59,7bef2a2a83b7f07f200238a02e3433a15244d9bb,True,NVIDIA GeForce RTX 3050 Ti Laptop GPU,610.47,P0,1935,6001,58.87,73
20261004T041504Z,2,NVIDIA GeForce RTX 3050 Ti Laptop GPU,610.47,P0,1935,6001,52.19,71,2.8.0+cu128,12.8,3.4.0,1024,2048,bf16,torch_reference,cuda_graph,122.61441035300308,20,5,50,False,False,False,6bb0e3e7cfd443a519cfddaed88ae200ec3bce1be3802ee869a335472f6ffa16,d556884aaa1ac2a60b381bd0ab2c1fb7d7d5543a82c5b31904252b93f9c7ce59,7bef2a2a83b7f07f200238a02e3433a15244d9bb,True,NVIDIA GeForce RTX 3050 Ti Laptop GPU,610.47,P0,1935,6001,58.87,73
20261004T041504Z,2,NVIDIA GeForce RTX 3050 Ti Laptop GPU,610.47,P0,1935,6001,52.19,71,2.8.0+cu128,12.8,3.4.0,1024,2048,bf16,triton,cuda_graph,23.84603720077489,20,5,50,False,False,False,6bb0e3e7cfd443a519cfddaed88ae200ec3bce1be3802ee869a335472f6ffa16,d556884aaa1ac2a60b381bd0ab2c1fb7d7d5543a82c5b31904252b93f9c7ce59,7bef2a2a83b7f07f200238a02e3433a15244d9bb,True,NVIDIA GeForce RTX 3050 Ti Laptop GPU,610.47,P0,1935,6001,58.87,73
20261004T041504Z,2,NVIDIA GeForce RTX 3050 Ti Laptop GPU,610.47,P0,1935,6001,52.19,71,2.8.0+cu128,12.8,3.4.0,1024,2048,bf16,torch_native,cuda_graph,26.912594685512303,20,5,50,False,False,False,6bb0e3e7cfd443a519cfddaed88ae200ec3bce1be3802ee869a335472f6ffa16,d556884aaa1ac2a60b381bd0ab2c1fb7d7d5543a82c5b31904252b93f9c7ce59,7bef2a2a83b7f07f200238a02e3433a15244d9bb,True,NVIDIA GeForce RTX 3050 Ti Laptop GPU,610.47,P0,1935,6001,58.87,73
20261004T041504Z,3,NVIDIA GeForce RTX 3050 Ti Laptop GPU,610.47,P0,1935,6001,52.19,71,2.8.0+cu128,12.8,3.4.0,1024,2048,bf16,triton,cuda_graph,23.903061590287894,20,5,50,False,False,False,6bb0e3e7cfd443a519cfddaed88ae200ec3bce1be3802ee869a335472f6ffa16,d556884aaa1ac2a60b381bd0ab2c1fb7d7d5543a82c5b31904252b93f9c7ce59,7bef2a2a83b7f07f200238a02e3433a15244d9bb,True,NVIDIA GeForce RTX 3050 Ti Laptop GPU,610.47,P0,1935,6001,58.87,73
20261004T041504Z,3,NVIDIA GeForce RTX 3050 Ti Laptop GPU,610.47,P0,1935,6001,52.19,71,2.8.0+cu128,12.8,3.4.0,1024,2048,bf16,torch_reference,cuda_graph,122.61662737329178,20,5,50,False,False,False,6bb0e3e7cfd443a519cfddaed88ae200ec3bce1be3802ee869a335472f6ffa16,d556884aaa1ac2a60b381bd0ab2c1fb7d7d5543a82c5b31904252b93f9c7ce59,7bef2a2a83b7f07f200238a02e3433a15244d9bb,True,NVIDIA GeForce RTX 3050 Ti Laptop GPU,610.47,P0,1935,6001,58.87,73
20261004T041504Z,3,NVIDIA GeForce RTX 3050 Ti Laptop GPU,610.47,P0,1935,6001,52.19,71,2.8.0+cu128,12.8,3.4.0,1024,2048,bf16,torch_native,cuda_graph,26.914201855089107,20,5,50,False,False,False,6bb0e3e7cfd443a519cfddaed88ae200ec3bce1be3802ee869a335472f6ffa16,d556884aaa1ac2a60b381bd0ab2c1fb7d7d5543a82c5b31904252b93f9c7ce59,7bef2a2a83b7f07f200238a02e3433a15244d9bb,True,NVIDIA GeForce RTX 3050 Ti Laptop GPU,610.47,P0,1935,6001,58.87,73
20261004T041504Z,4,NVIDIA GeForce RTX 3050 Ti Laptop GPU,610.47,P0,1935,6001,52.19,71,2.8.0+cu128,12.8,3.4.0,1024,2048,bf16,triton,cuda_graph,23.838340794598615,20,5,50,False,False,False,6bb0e3e7cfd443a519cfddaed88ae200ec3bce1be3802ee869a335472f6ffa16,d556884aaa1ac2a60b381bd0ab2c1fb7d7d5543a82c5b31904252b93f9c7ce59,7bef2a2a83b7f07f200238a02e3433a15244d9bb,True,NVIDIA GeForce RTX 3050 Ti Laptop GPU,610.47,P0,1935,6001,58.87,73
20261004T041504Z,4,NVIDIA GeForce RTX 3050 Ti Laptop GPU,610.47,P0,1935,6001,52.19,71,2.8.0+cu128,12.8,3.4.0,1024,2048,bf16,torch_native,cuda_graph,26.913592640946554,20,5,50,False,False,False,6bb0e3e7cfd443a519cfddaed88ae200ec3bce1be3802ee869a335472f6ffa16,d556884aaa1ac2a60b381bd0ab2c1fb7d7d5543a82c5b31904252b93f9c7ce59,7bef2a2a83b7f07f200238a02e3433a15244d9bb,True,NVIDIA GeForce RTX 3050 Ti Laptop GPU,610.47,P0,1935,6001,58.87,73
20261004T041504Z,4,NVIDIA GeForce RTX 3050 Ti Laptop GPU,610.47,P0,1935,6001,52.19,71,2.8.0+cu128,12.8,3.4.0,1024,2048,bf16,torch_reference,cuda_graph,122.70623556575418,20,5,50,False,False,False,6bb0e3e7cfd443a519cfddaed88ae200ec3bce1be3802ee869a335472f6ffa16,d556884aaa1ac2a60b381bd0ab2c1fb7d7d5543a82c5b31904252b93f9c7ce59,7bef2a2a83b7f07f200238a02e3433a15244d9bb,True,NVIDIA GeForce RTX 3050 Ti Laptop GPU,610.47,P0,1935,6001,58.87,73
20261004T041504Z,5,NVIDIA GeForce RTX 3050 Ti Laptop GPU,610.47,P0,1935,6001,52.19,71,2.8.0+cu128,12.8,3.4.0,1024,2048,bf16,torch_native,cuda_graph,26.94625011750231,20,5,50,False,False,False,6bb0e3e7cfd443a519cfddaed88ae200ec3bce1be3802ee869a335472f6ffa16,d556884aaa1ac2a60b381bd0ab2c1fb7d7d5543a82c5b31904252b93f9c7ce59,7bef2a2a83b7f07f200238a02e3433a15244d9bb,True,NVIDIA GeForce RTX 3050 Ti Laptop GPU,610.47,P0,1935,6001,58.87,73
20261004T041504Z,5,NVIDIA GeForce RTX 3050 Ti Laptop GPU,610.47,P0,1935,6001,52.19,71,2.8.0+cu128,12.8,3.4.0,1024,2048,bf16,triton,cuda_graph,23.84241662078518,20,5,50,False,False,False,6bb0e3e7cfd443a519cfddaed88ae200ec3bce1be3802ee869a335472f6ffa16,d556884aaa1ac2a60b381bd0ab2c1fb7d7d5543a82c5b31904252b93f9c7ce59,7bef2a2a83b7f07f200238a02e3433a15244d9bb,True,NVIDIA GeForce RTX 3050 Ti Laptop GPU,610.47,P0,1935,6001,58.87,73
20261004T041504Z,5,NVIDIA GeForce RTX 3050 Ti Laptop GPU,610.47,P0,1935,6001,52.19,71,2.8.0+cu128,12.8,3.4.0,1024,2048,bf16,torch_reference,cuda_graph,122.72197817578729,20,5,50,False,False,False,6bb0e3e7cfd443a519cfddaed88ae200ec3bce1be3802ee869a335472f6ffa16,d556884aaa1ac2a60b381bd0ab2c1fb7d7d5543a82c5b31904252b93f9c7ce59,7bef2a2a83b7f07f200238a02e3433a15244d9bb,True,NVIDIA GeForce RTX 3050 Ti Laptop GPU,610.47,P0,1935,6001,58.87,73
