timestamp_utc,repeat,rows,hidden_size,dtype,configuration,block,warps,spills,source_sha256,torch,cuda,triton,gpu,driver,pstate,sm_clock_mhz,memory_clock_mhz,power_w,temperature_c,ncu_launch_id,ncu_version,measurement,cache_control,clock_control,kernel_duration_us,dram_bytes,registers_per_thread,achieved_occupancy_pct,sm_throughput_pct,dram_throughput_pct
2026-10-04T03:33:10.707365+00:00,1,512,1024,bf16,before,256,4,0,7312c87b1a2c81767e01c1acceddc3b3c7ca64d6174622bbba3455445ee4bb31,2.8.0+cu128,12.8,3.4.0,NVIDIA GeForce RTX 3050 Ti Laptop GPU,610.47,P0,1665,6001,69.01,84,0,2022.4.1.0,nsight_compute,all,base,8.096,1056384.0,22.0,79.142938,34.332875,68.592088
2026-10-04T03:33:11.144523+00:00,1,512,1024,bf16,after,1024,4,0,6bb0e3e7cfd443a519cfddaed88ae200ec3bce1be3802ee869a335472f6ffa16,2.8.0+cu128,12.8,3.4.0,NVIDIA GeForce RTX 3050 Ti Laptop GPU,610.47,P0,1665,6001,69.01,84,1,2022.4.1.0,nsight_compute,all,base,8.064,1056768.0,21.0,78.587854,23.518203,67.894737
2026-10-04T03:33:11.558551+00:00,2,512,1024,bf16,after,1024,4,0,6bb0e3e7cfd443a519cfddaed88ae200ec3bce1be3802ee869a335472f6ffa16,2.8.0+cu128,12.8,3.4.0,NVIDIA GeForce RTX 3050 Ti Laptop GPU,610.47,P0,1665,6001,69.01,84,2,2022.4.1.0,nsight_compute,all,base,7.936,1056768.0,21.0,78.870161,23.810877,68.617021
2026-10-04T03:33:11.964821+00:00,2,512,1024,bf16,before,256,4,0,7312c87b1a2c81767e01c1acceddc3b3c7ca64d6174622bbba3455445ee4bb31,2.8.0+cu128,12.8,3.4.0,NVIDIA GeForce RTX 3050 Ti Laptop GPU,610.47,P0,1665,6001,69.01,84,3,2022.4.1.0,nsight_compute,all,base,8.0,1056768.0,22.0,78.341223,34.618585,68.983957
2026-10-04T03:33:12.372500+00:00,3,512,1024,bf16,before,256,4,0,7312c87b1a2c81767e01c1acceddc3b3c7ca64d6174622bbba3455445ee4bb31,2.8.0+cu128,12.8,3.4.0,NVIDIA GeForce RTX 3050 Ti Laptop GPU,610.47,P0,1665,6001,69.01,84,4,2022.4.1.0,nsight_compute,all,base,7.936,1056512.0,22.0,77.51126,34.624588,68.967246
2026-10-04T03:33:12.776303+00:00,3,512,1024,bf16,after,1024,4,0,6bb0e3e7cfd443a519cfddaed88ae200ec3bce1be3802ee869a335472f6ffa16,2.8.0+cu128,12.8,3.4.0,NVIDIA GeForce RTX 3050 Ti Laptop GPU,610.47,P0,1665,6001,69.01,84,5,2022.4.1.0,nsight_compute,all,base,8.128,1056512.0,21.0,79.728046,24.175228,69.712838
2026-10-04T03:33:13.221906+00:00,1,1024,1024,bf16,before,256,4,0,7312c87b1a2c81767e01c1acceddc3b3c7ca64d6174622bbba3455445ee4bb31,2.8.0+cu128,12.8,3.4.0,NVIDIA GeForce RTX 3050 Ti Laptop GPU,610.47,P0,1462,6001,48.09,81,6,2022.4.1.0,nsight_compute,all,base,13.632,2106496.0,22.0,85.430891,40.700145,81.116916
2026-10-04T03:33:13.625906+00:00,1,1024,1024,bf16,after,1024,4,0,6bb0e3e7cfd443a519cfddaed88ae200ec3bce1be3802ee869a335472f6ffa16,2.8.0+cu128,12.8,3.4.0,NVIDIA GeForce RTX 3050 Ti Laptop GPU,610.47,P0,1462,6001,48.09,81,7,2022.4.1.0,nsight_compute,all,base,13.6,2106368.0,21.0,86.348324,28.118993,81.111987
2026-10-04T03:33:14.038889+00:00,2,1024,1024,bf16,after,1024,4,0,6bb0e3e7cfd443a519cfddaed88ae200ec3bce1be3802ee869a335472f6ffa16,2.8.0+cu128,12.8,3.4.0,NVIDIA GeForce RTX 3050 Ti Laptop GPU,610.47,P0,1462,6001,48.09,81,8,2022.4.1.0,nsight_compute,all,base,13.632,2106368.0,21.0,85.655534,28.146904,81.111987
2026-10-04T03:33:14.443718+00:00,2,1024,1024,bf16,before,256,4,0,7312c87b1a2c81767e01c1acceddc3b3c7ca64d6174622bbba3455445ee4bb31,2.8.0+cu128,12.8,3.4.0,NVIDIA GeForce RTX 3050 Ti Laptop GPU,610.47,P0,1462,6001,48.09,81,9,2022.4.1.0,nsight_compute,all,base,13.568,2106368.0,22.0,86.364547,40.239811,80.351562
2026-10-04T03:33:14.849280+00:00,3,1024,1024,bf16,before,256,4,0,7312c87b1a2c81767e01c1acceddc3b3c7ca64d6174622bbba3455445ee4bb31,2.8.0+cu128,12.8,3.4.0,NVIDIA GeForce RTX 3050 Ti Laptop GPU,610.47,P0,1462,6001,48.09,81,10,2022.4.1.0,nsight_compute,all,base,13.568,2106240.0,22.0,85.996156,40.378141,80.34668
2026-10-04T03:33:15.254973+00:00,3,1024,1024,bf16,after,1024,4,0,6bb0e3e7cfd443a519cfddaed88ae200ec3bce1be3802ee869a335472f6ffa16,2.8.0+cu128,12.8,3.4.0,NVIDIA GeForce RTX 3050 Ti Laptop GPU,610.47,P0,1462,6001,48.09,81,11,2022.4.1.0,nsight_compute,all,base,13.696,2106368.0,21.0,84.820884,28.140458,81.111987
2026-10-04T03:33:15.703078+00:00,1,512,2048,bf16,before,256,4,0,7312c87b1a2c81767e01c1acceddc3b3c7ca64d6174622bbba3455445ee4bb31,2.8.0+cu128,12.8,3.4.0,NVIDIA GeForce RTX 3050 Ti Laptop GPU,610.47,P0,1462,6001,48.82,81,12,2022.4.1.0,nsight_compute,all,base,13.76,2108032.0,30.0,81.68859,28.052698,79.66815
2026-10-04T03:33:16.118458+00:00,1,512,2048,bf16,after,1024,4,0,6bb0e3e7cfd443a519cfddaed88ae200ec3bce1be3802ee869a335472f6ffa16,2.8.0+cu128,12.8,3.4.0,NVIDIA GeForce RTX 3050 Ti Laptop GPU,610.47,P0,1462,6001,48.82,81,13,2022.4.1.0,nsight_compute,all,base,13.728,2107648.0,36.0,79.284074,16.056245,80.652429
2026-10-04T03:33:16.523331+00:00,2,512,2048,bf16,after,1024,4,0,6bb0e3e7cfd443a519cfddaed88ae200ec3bce1be3802ee869a335472f6ffa16,2.8.0+cu128,12.8,3.4.0,NVIDIA GeForce RTX 3050 Ti Laptop GPU,610.47,P0,1462,6001,48.82,81,14,2022.4.1.0,nsight_compute,all,base,13.696,2107648.0,36.0,78.761204,16.096955,81.161278
2026-10-04T03:33:16.934661+00:00,2,512,2048,bf16,before,256,4,0,7312c87b1a2c81767e01c1acceddc3b3c7ca64d6174622bbba3455445ee4bb31,2.8.0+cu128,12.8,3.4.0,NVIDIA GeForce RTX 3050 Ti Laptop GPU,610.47,P0,1462,6001,48.82,81,15,2022.4.1.0,nsight_compute,all,base,13.792,2108032.0,30.0,79.186699,28.02757,79.66815
2026-10-04T03:33:17.342016+00:00,3,512,2048,bf16,before,256,4,0,7312c87b1a2c81767e01c1acceddc3b3c7ca64d6174622bbba3455445ee4bb31,2.8.0+cu128,12.8,3.4.0,NVIDIA GeForce RTX 3050 Ti Laptop GPU,610.47,P0,1462,6001,48.82,81,16,2022.4.1.0,nsight_compute,all,base,13.76,2107904.0,30.0,78.869194,28.091877,79.663313
2026-10-04T03:33:17.747497+00:00,3,512,2048,bf16,after,1024,4,0,6bb0e3e7cfd443a519cfddaed88ae200ec3bce1be3802ee869a335472f6ffa16,2.8.0+cu128,12.8,3.4.0,NVIDIA GeForce RTX 3050 Ti Laptop GPU,610.47,P0,1462,6001,48.82,81,17,2022.4.1.0,nsight_compute,all,base,13.696,2107776.0,36.0,78.994902,16.042451,80.657328
2026-10-04T03:33:18.201865+00:00,1,512,1023,bf16,before,256,4,0,7312c87b1a2c81767e01c1acceddc3b3c7ca64d6174622bbba3455445ee4bb31,2.8.0+cu128,12.8,3.4.0,NVIDIA GeForce RTX 3050 Ti Laptop GPU,610.47,P0,1462,6001,48.68,80,18,2022.4.1.0,nsight_compute,all,base,7.904,1055616.0,28.0,83.586759,48.829547,68.908757
2026-10-04T03:33:18.612768+00:00,1,512,1023,bf16,after,256,4,0,6bb0e3e7cfd443a519cfddaed88ae200ec3bce1be3802ee869a335472f6ffa16,2.8.0+cu128,12.8,3.4.0,NVIDIA GeForce RTX 3050 Ti Laptop GPU,610.47,P0,1462,6001,48.68,80,19,2022.4.1.0,nsight_compute,all,base,8.0,1055744.0,28.0,80.754766,49.11271,69.662162
2026-10-04T03:33:19.015609+00:00,2,512,1023,bf16,after,256,4,0,6bb0e3e7cfd443a519cfddaed88ae200ec3bce1be3802ee869a335472f6ffa16,2.8.0+cu128,12.8,3.4.0,NVIDIA GeForce RTX 3050 Ti Laptop GPU,610.47,P0,1462,6001,48.68,80,20,2022.4.1.0,nsight_compute,all,base,8.192,1055744.0,28.0,81.344152,48.289462,68.187831
2026-10-04T03:33:19.416560+00:00,2,512,1023,bf16,before,256,4,0,7312c87b1a2c81767e01c1acceddc3b3c7ca64d6174622bbba3455445ee4bb31,2.8.0+cu128,12.8,3.4.0,NVIDIA GeForce RTX 3050 Ti Laptop GPU,610.47,P0,1462,6001,48.68,80,21,2022.4.1.0,nsight_compute,all,base,7.936,1055744.0,28.0,81.294928,48.591519,68.550532
2026-10-04T03:33:19.820754+00:00,3,512,1023,bf16,before,256,4,0,7312c87b1a2c81767e01c1acceddc3b3c7ca64d6174622bbba3455445ee4bb31,2.8.0+cu128,12.8,3.4.0,NVIDIA GeForce RTX 3050 Ti Laptop GPU,610.47,P0,1462,6001,48.68,80,22,2022.4.1.0,nsight_compute,all,base,8.064,1055488.0,28.0,79.696605,48.503639,68.53391
2026-10-04T03:33:20.234017+00:00,3,512,1023,bf16,after,256,4,0,6bb0e3e7cfd443a519cfddaed88ae200ec3bce1be3802ee869a335472f6ffa16,2.8.0+cu128,12.8,3.4.0,NVIDIA GeForce RTX 3050 Ti Laptop GPU,610.47,P0,1462,6001,48.68,80,23,2022.4.1.0,nsight_compute,all,base,8.0,1055616.0,28.0,81.358284,48.128525,67.820724
2026-10-04T03:33:20.707152+00:00,1,4096,4096,bf16,before,256,4,0,7312c87b1a2c81767e01c1acceddc3b3c7ca64d6174622bbba3455445ee4bb31,2.8.0+cu128,12.8,3.4.0,NVIDIA GeForce RTX 3050 Ti Laptop GPU,610.47,P0,1462,6001,49.13,79,24,2022.4.1.0,nsight_compute,all,base,181.696,33593088.0,40.0,97.451778,26.884802,96.601148
2026-10-04T03:33:21.140117+00:00,1,4096,4096,bf16,after,256,4,0,6bb0e3e7cfd443a519cfddaed88ae200ec3bce1be3802ee869a335472f6ffa16,2.8.0+cu128,12.8,3.4.0,NVIDIA GeForce RTX 3050 Ti Laptop GPU,610.47,P0,1462,6001,49.13,79,25,2022.4.1.0,nsight_compute,all,base,181.408,33592576.0,40.0,97.380263,26.869041,96.508737
2026-10-04T03:33:21.566157+00:00,2,4096,4096,bf16,after,256,4,0,6bb0e3e7cfd443a519cfddaed88ae200ec3bce1be3802ee869a335472f6ffa16,2.8.0+cu128,12.8,3.4.0,NVIDIA GeForce RTX 3050 Ti Laptop GPU,610.47,P0,1462,6001,49.13,79,26,2022.4.1.0,nsight_compute,all,base,181.632,33595264.0,40.0,97.387341,26.844701,96.448363
2026-10-04T03:33:21.990781+00:00,2,4096,4096,bf16,before,256,4,0,7312c87b1a2c81767e01c1acceddc3b3c7ca64d6174622bbba3455445ee4bb31,2.8.0+cu128,12.8,3.4.0,NVIDIA GeForce RTX 3050 Ti Laptop GPU,610.47,P0,1462,6001,49.13,79,27,2022.4.1.0,nsight_compute,all,base,181.696,33594240.0,40.0,97.412743,26.882723,96.558968
2026-10-04T03:33:22.413167+00:00,3,4096,4096,bf16,before,256,4,0,7312c87b1a2c81767e01c1acceddc3b3c7ca64d6174622bbba3455445ee4bb31,2.8.0+cu128,12.8,3.4.0,NVIDIA GeForce RTX 3050 Ti Laptop GPU,610.47,P0,1462,6001,49.13,79,28,2022.4.1.0,nsight_compute,all,base,181.76,33609984.0,40.0,97.41552,26.856891,96.536029
2026-10-04T03:33:22.829039+00:00,3,4096,4096,bf16,after,256,4,0,6bb0e3e7cfd443a519cfddaed88ae200ec3bce1be3802ee869a335472f6ffa16,2.8.0+cu128,12.8,3.4.0,NVIDIA GeForce RTX 3050 Ti Laptop GPU,610.47,P0,1462,6001,49.13,79,29,2022.4.1.0,nsight_compute,all,base,181.76,33626880.0,40.0,97.284737,26.835958,96.493741
2026-10-04T03:33:23.324681+00:00,1,4096,8192,bf16,before,256,4,0,7312c87b1a2c81767e01c1acceddc3b3c7ca64d6174622bbba3455445ee4bb31,2.8.0+cu128,12.8,3.4.0,NVIDIA GeForce RTX 3050 Ti Laptop GPU,610.47,P0,1462,6001,49.26,79,30,2022.4.1.0,nsight_compute,all,base,361.408,67225984.0,39.0,97.982521,23.47033,97.242527
2026-10-04T03:33:23.775015+00:00,1,4096,8192,bf16,after,256,4,0,6bb0e3e7cfd443a519cfddaed88ae200ec3bce1be3802ee869a335472f6ffa16,2.8.0+cu128,12.8,3.4.0,NVIDIA GeForce RTX 3050 Ti Laptop GPU,610.47,P0,1462,6001,49.26,79,31,2022.4.1.0,nsight_compute,all,base,360.928,67276416.0,39.0,97.654251,23.448174,97.234823
2026-10-04T03:33:24.225513+00:00,2,4096,8192,bf16,after,256,4,0,6bb0e3e7cfd443a519cfddaed88ae200ec3bce1be3802ee869a335472f6ffa16,2.8.0+cu128,12.8,3.4.0,NVIDIA GeForce RTX 3050 Ti Laptop GPU,610.47,P0,1462,6001,49.26,79,32,2022.4.1.0,nsight_compute,all,base,360.8,67218176.0,39.0,97.792838,23.461227,97.185168
2026-10-04T03:33:24.671361+00:00,2,4096,8192,bf16,before,256,4,0,7312c87b1a2c81767e01c1acceddc3b3c7ca64d6174622bbba3455445ee4bb31,2.8.0+cu128,12.8,3.4.0,NVIDIA GeForce RTX 3050 Ti Laptop GPU,610.47,P0,1462,6001,49.26,79,33,2022.4.1.0,nsight_compute,all,base,360.96,67220864.0,39.0,97.768658,23.46096,97.189055
2026-10-04T03:33:25.117754+00:00,3,4096,8192,bf16,before,256,4,0,7312c87b1a2c81767e01c1acceddc3b3c7ca64d6174622bbba3455445ee4bb31,2.8.0+cu128,12.8,3.4.0,NVIDIA GeForce RTX 3050 Ti Laptop GPU,610.47,P0,1462,6001,49.26,79,34,2022.4.1.0,nsight_compute,all,base,360.992,67222016.0,39.0,97.768047,23.452553,97.156198
2026-10-04T03:33:25.561296+00:00,3,4096,8192,bf16,after,256,4,0,6bb0e3e7cfd443a519cfddaed88ae200ec3bce1be3802ee869a335472f6ffa16,2.8.0+cu128,12.8,3.4.0,NVIDIA GeForce RTX 3050 Ti Laptop GPU,610.47,P0,1462,6001,49.26,79,35,2022.4.1.0,nsight_compute,all,base,360.8,67230848.0,39.0,97.80868,23.455065,97.15746
