timestamp_utc,repeat,rows,hidden_size,dtype,configuration,median_us,measurement,warmup,runs,rep_ms,allow_tf32,allow_fp16_reduced_precision_reduction,allow_bf16_reduced_precision_reduction,kernel_source_sha256,torch,cuda,triton,thermal_before,thermal_after,gpu_before,driver_before,pstate_before,sm_clock_mhz_before,memory_clock_mhz_before,power_w_before,temperature_c_before,gpu_after,driver_after,pstate_after,sm_clock_mhz_after,memory_clock_mhz_after,power_w_after,temperature_c_after
20261004T041246Z,1,1,1024,bf16,before,1.2829940386874945,cuda_graph,20,5,50,False,False,False,7312c87b1a2c81767e01c1acceddc3b3c7ca64d6174622bbba3455445ee4bb31,2.8.0+cu128,12.8,3.4.0,Not Active,Not Active,NVIDIA GeForce RTX 3050 Ti Laptop GPU,610.47,P0,1695,6001,18.92,61,NVIDIA GeForce RTX 3050 Ti Laptop GPU,610.47,P0,1695,6001,19.33,62
20261004T041246Z,1,1,1024,bf16,after,1.3505275615634003,cuda_graph,20,5,50,False,False,False,6bb0e3e7cfd443a519cfddaed88ae200ec3bce1be3802ee869a335472f6ffa16,2.8.0+cu128,12.8,3.4.0,Not Active,Not Active,NVIDIA GeForce RTX 3050 Ti Laptop GPU,610.47,P0,1695,6001,18.92,61,NVIDIA GeForce RTX 3050 Ti Laptop GPU,610.47,P0,1695,6001,19.33,62
20261004T041246Z,2,1,1024,bf16,after,1.3119082388381897,cuda_graph,20,5,50,False,False,False,6bb0e3e7cfd443a519cfddaed88ae200ec3bce1be3802ee869a335472f6ffa16,2.8.0+cu128,12.8,3.4.0,Not Active,Not Active,NVIDIA GeForce RTX 3050 Ti Laptop GPU,610.47,P0,1695,6001,18.92,61,NVIDIA GeForce RTX 3050 Ti Laptop GPU,610.47,P0,1695,6001,19.33,62
20261004T041246Z,2,1,1024,bf16,before,1.2738805011924044,cuda_graph,20,5,50,False,False,False,7312c87b1a2c81767e01c1acceddc3b3c7ca64d6174622bbba3455445ee4bb31,2.8.0+cu128,12.8,3.4.0,Not Active,Not Active,NVIDIA GeForce RTX 3050 Ti Laptop GPU,610.47,P0,1695,6001,18.92,61,NVIDIA GeForce RTX 3050 Ti Laptop GPU,610.47,P0,1695,6001,19.33,62
20261004T041246Z,3,1,1024,bf16,before,1.2784145058990377,cuda_graph,20,5,50,False,False,False,7312c87b1a2c81767e01c1acceddc3b3c7ca64d6174622bbba3455445ee4bb31,2.8.0+cu128,12.8,3.4.0,Not Active,Not Active,NVIDIA GeForce RTX 3050 Ti Laptop GPU,610.47,P0,1695,6001,18.92,61,NVIDIA GeForce RTX 3050 Ti Laptop GPU,610.47,P0,1695,6001,19.33,62
20261004T041246Z,3,1,1024,bf16,after,1.2924277536417261,cuda_graph,20,5,50,False,False,False,6bb0e3e7cfd443a519cfddaed88ae200ec3bce1be3802ee869a335472f6ffa16,2.8.0+cu128,12.8,3.4.0,Not Active,Not Active,NVIDIA GeForce RTX 3050 Ti Laptop GPU,610.47,P0,1695,6001,18.92,61,NVIDIA GeForce RTX 3050 Ti Laptop GPU,610.47,P0,1695,6001,19.33,62
20261004T041246Z,4,1,1024,bf16,after,2.4773556319846985,cuda_graph,20,5,50,False,False,False,6bb0e3e7cfd443a519cfddaed88ae200ec3bce1be3802ee869a335472f6ffa16,2.8.0+cu128,12.8,3.4.0,Not Active,Not Active,NVIDIA GeForce RTX 3050 Ti Laptop GPU,610.47,P0,1695,6001,18.92,61,NVIDIA GeForce RTX 3050 Ti Laptop GPU,610.47,P0,1695,6001,19.33,62
20261004T041246Z,4,1,1024,bf16,before,1.2736177675611755,cuda_graph,20,5,50,False,False,False,7312c87b1a2c81767e01c1acceddc3b3c7ca64d6174622bbba3455445ee4bb31,2.8.0+cu128,12.8,3.4.0,Not Active,Not Active,NVIDIA GeForce RTX 3050 Ti Laptop GPU,610.47,P0,1695,6001,18.92,61,NVIDIA GeForce RTX 3050 Ti Laptop GPU,610.47,P0,1695,6001,19.33,62
20261004T041246Z,5,1,1024,bf16,before,1.2870031331275447,cuda_graph,20,5,50,False,False,False,7312c87b1a2c81767e01c1acceddc3b3c7ca64d6174622bbba3455445ee4bb31,2.8.0+cu128,12.8,3.4.0,Not Active,Not Active,NVIDIA GeForce RTX 3050 Ti Laptop GPU,610.47,P0,1695,6001,18.92,61,NVIDIA GeForce RTX 3050 Ti Laptop GPU,610.47,P0,1695,6001,19.33,62
20261004T041246Z,5,1,1024,bf16,after,1.2845896273495192,cuda_graph,20,5,50,False,False,False,6bb0e3e7cfd443a519cfddaed88ae200ec3bce1be3802ee869a335472f6ffa16,2.8.0+cu128,12.8,3.4.0,Not Active,Not Active,NVIDIA GeForce RTX 3050 Ti Laptop GPU,610.47,P0,1695,6001,18.92,61,NVIDIA GeForce RTX 3050 Ti Laptop GPU,610.47,P0,1695,6001,19.33,62
20261004T041246Z,1,128,1024,bf16,before,2.7875234875982815,cuda_graph,20,5,50,False,False,False,7312c87b1a2c81767e01c1acceddc3b3c7ca64d6174622bbba3455445ee4bb31,2.8.0+cu128,12.8,3.4.0,Not Active,Not Active,NVIDIA GeForce RTX 3050 Ti Laptop GPU,610.47,P0,1695,6001,19.37,62,NVIDIA GeForce RTX 3050 Ti Laptop GPU,610.47,P0,1695,6001,21.00,62
20261004T041246Z,1,128,1024,bf16,after,1.848039999604225,cuda_graph,20,5,50,False,False,False,6bb0e3e7cfd443a519cfddaed88ae200ec3bce1be3802ee869a335472f6ffa16,2.8.0+cu128,12.8,3.4.0,Not Active,Not Active,NVIDIA GeForce RTX 3050 Ti Laptop GPU,610.47,P0,1695,6001,19.37,62,NVIDIA GeForce RTX 3050 Ti Laptop GPU,610.47,P0,1695,6001,21.00,62
20261004T041246Z,2,128,1024,bf16,after,1.8249028279614423,cuda_graph,20,5,50,False,False,False,6bb0e3e7cfd443a519cfddaed88ae200ec3bce1be3802ee869a335472f6ffa16,2.8.0+cu128,12.8,3.4.0,Not Active,Not Active,NVIDIA GeForce RTX 3050 Ti Laptop GPU,610.47,P0,1695,6001,19.37,62,NVIDIA GeForce RTX 3050 Ti Laptop GPU,610.47,P0,1695,6001,21.00,62
20261004T041246Z,2,128,1024,bf16,before,1.812697849541067,cuda_graph,20,5,50,False,False,False,7312c87b1a2c81767e01c1acceddc3b3c7ca64d6174622bbba3455445ee4bb31,2.8.0+cu128,12.8,3.4.0,Not Active,Not Active,NVIDIA GeForce RTX 3050 Ti Laptop GPU,610.47,P0,1695,6001,19.37,62,NVIDIA GeForce RTX 3050 Ti Laptop GPU,610.47,P0,1695,6001,21.00,62
20261004T041246Z,3,128,1024,bf16,before,1.8318021676565648,cuda_graph,20,5,50,False,False,False,7312c87b1a2c81767e01c1acceddc3b3c7ca64d6174622bbba3455445ee4bb31,2.8.0+cu128,12.8,3.4.0,Not Active,Not Active,NVIDIA GeForce RTX 3050 Ti Laptop GPU,610.47,P0,1695,6001,19.37,62,NVIDIA GeForce RTX 3050 Ti Laptop GPU,610.47,P0,1695,6001,21.00,62
20261004T041246Z,3,128,1024,bf16,after,1.8554565253531097,cuda_graph,20,5,50,False,False,False,6bb0e3e7cfd443a519cfddaed88ae200ec3bce1be3802ee869a335472f6ffa16,2.8.0+cu128,12.8,3.4.0,Not Active,Not Active,NVIDIA GeForce RTX 3050 Ti Laptop GPU,610.47,P0,1695,6001,19.37,62,NVIDIA GeForce RTX 3050 Ti Laptop GPU,610.47,P0,1695,6001,21.00,62
20261004T041246Z,4,128,1024,bf16,after,1.8186155467339695,cuda_graph,20,5,50,False,False,False,6bb0e3e7cfd443a519cfddaed88ae200ec3bce1be3802ee869a335472f6ffa16,2.8.0+cu128,12.8,3.4.0,Not Active,Not Active,NVIDIA GeForce RTX 3050 Ti Laptop GPU,610.47,P0,1695,6001,19.37,62,NVIDIA GeForce RTX 3050 Ti Laptop GPU,610.47,P0,1695,6001,21.00,62
20261004T041246Z,4,128,1024,bf16,before,1.8364257346177946,cuda_graph,20,5,50,False,False,False,7312c87b1a2c81767e01c1acceddc3b3c7ca64d6174622bbba3455445ee4bb31,2.8.0+cu128,12.8,3.4.0,Not Active,Not Active,NVIDIA GeForce RTX 3050 Ti Laptop GPU,610.47,P0,1695,6001,19.37,62,NVIDIA GeForce RTX 3050 Ti Laptop GPU,610.47,P0,1695,6001,21.00,62
20261004T041246Z,5,128,1024,bf16,before,1.8338899589279323,cuda_graph,20,5,50,False,False,False,7312c87b1a2c81767e01c1acceddc3b3c7ca64d6174622bbba3455445ee4bb31,2.8.0+cu128,12.8,3.4.0,Not Active,Not Active,NVIDIA GeForce RTX 3050 Ti Laptop GPU,610.47,P0,1695,6001,19.37,62,NVIDIA GeForce RTX 3050 Ti Laptop GPU,610.47,P0,1695,6001,21.00,62
20261004T041246Z,5,128,1024,bf16,after,1.822809682633214,cuda_graph,20,5,50,False,False,False,6bb0e3e7cfd443a519cfddaed88ae200ec3bce1be3802ee869a335472f6ffa16,2.8.0+cu128,12.8,3.4.0,Not Active,Not Active,NVIDIA GeForce RTX 3050 Ti Laptop GPU,610.47,P0,1695,6001,19.37,62,NVIDIA GeForce RTX 3050 Ti Laptop GPU,610.47,P0,1695,6001,21.00,62
20261004T041246Z,1,511,1024,bf16,before,3.6517397466912325,cuda_graph,20,5,50,False,False,False,7312c87b1a2c81767e01c1acceddc3b3c7ca64d6174622bbba3455445ee4bb31,2.8.0+cu128,12.8,3.4.0,Not Active,Not Active,NVIDIA GeForce RTX 3050 Ti Laptop GPU,610.47,P0,1695,6001,21.30,62,NVIDIA GeForce RTX 3050 Ti Laptop GPU,610.47,P0,1935,6001,30.28,64
20261004T041246Z,1,511,1024,bf16,after,3.6648258506527798,cuda_graph,20,5,50,False,False,False,6bb0e3e7cfd443a519cfddaed88ae200ec3bce1be3802ee869a335472f6ffa16,2.8.0+cu128,12.8,3.4.0,Not Active,Not Active,NVIDIA GeForce RTX 3050 Ti Laptop GPU,610.47,P0,1695,6001,21.30,62,NVIDIA GeForce RTX 3050 Ti Laptop GPU,610.47,P0,1935,6001,30.28,64
20261004T041246Z,2,511,1024,bf16,after,3.6617385217846343,cuda_graph,20,5,50,False,False,False,6bb0e3e7cfd443a519cfddaed88ae200ec3bce1be3802ee869a335472f6ffa16,2.8.0+cu128,12.8,3.4.0,Not Active,Not Active,NVIDIA GeForce RTX 3050 Ti Laptop GPU,610.47,P0,1695,6001,21.30,62,NVIDIA GeForce RTX 3050 Ti Laptop GPU,610.47,P0,1935,6001,30.28,64
20261004T041246Z,2,511,1024,bf16,before,3.623479437157811,cuda_graph,20,5,50,False,False,False,7312c87b1a2c81767e01c1acceddc3b3c7ca64d6174622bbba3455445ee4bb31,2.8.0+cu128,12.8,3.4.0,Not Active,Not Active,NVIDIA GeForce RTX 3050 Ti Laptop GPU,610.47,P0,1695,6001,21.30,62,NVIDIA GeForce RTX 3050 Ti Laptop GPU,610.47,P0,1935,6001,30.28,64
20261004T041246Z,3,511,1024,bf16,before,3.6314898642940796,cuda_graph,20,5,50,False,False,False,7312c87b1a2c81767e01c1acceddc3b3c7ca64d6174622bbba3455445ee4bb31,2.8.0+cu128,12.8,3.4.0,Not Active,Not Active,NVIDIA GeForce RTX 3050 Ti Laptop GPU,610.47,P0,1695,6001,21.30,62,NVIDIA GeForce RTX 3050 Ti Laptop GPU,610.47,P0,1935,6001,30.28,64
20261004T041246Z,3,511,1024,bf16,after,3.6314074639920837,cuda_graph,20,5,50,False,False,False,6bb0e3e7cfd443a519cfddaed88ae200ec3bce1be3802ee869a335472f6ffa16,2.8.0+cu128,12.8,3.4.0,Not Active,Not Active,NVIDIA GeForce RTX 3050 Ti Laptop GPU,610.47,P0,1695,6001,21.30,62,NVIDIA GeForce RTX 3050 Ti Laptop GPU,610.47,P0,1935,6001,30.28,64
20261004T041246Z,4,511,1024,bf16,after,3.648531734117841,cuda_graph,20,5,50,False,False,False,6bb0e3e7cfd443a519cfddaed88ae200ec3bce1be3802ee869a335472f6ffa16,2.8.0+cu128,12.8,3.4.0,Not Active,Not Active,NVIDIA GeForce RTX 3050 Ti Laptop GPU,610.47,P0,1695,6001,21.30,62,NVIDIA GeForce RTX 3050 Ti Laptop GPU,610.47,P0,1935,6001,30.28,64
20261004T041246Z,4,511,1024,bf16,before,3.2148388171398223,cuda_graph,20,5,50,False,False,False,7312c87b1a2c81767e01c1acceddc3b3c7ca64d6174622bbba3455445ee4bb31,2.8.0+cu128,12.8,3.4.0,Not Active,Not Active,NVIDIA GeForce RTX 3050 Ti Laptop GPU,610.47,P0,1695,6001,21.30,62,NVIDIA GeForce RTX 3050 Ti Laptop GPU,610.47,P0,1935,6001,30.28,64
20261004T041246Z,5,511,1024,bf16,before,3.1874426878739075,cuda_graph,20,5,50,False,False,False,7312c87b1a2c81767e01c1acceddc3b3c7ca64d6174622bbba3455445ee4bb31,2.8.0+cu128,12.8,3.4.0,Not Active,Not Active,NVIDIA GeForce RTX 3050 Ti Laptop GPU,610.47,P0,1695,6001,21.30,62,NVIDIA GeForce RTX 3050 Ti Laptop GPU,610.47,P0,1935,6001,30.28,64
20261004T041246Z,5,511,1024,bf16,after,3.1904476792065064,cuda_graph,20,5,50,False,False,False,6bb0e3e7cfd443a519cfddaed88ae200ec3bce1be3802ee869a335472f6ffa16,2.8.0+cu128,12.8,3.4.0,Not Active,Not Active,NVIDIA GeForce RTX 3050 Ti Laptop GPU,610.47,P0,1695,6001,21.30,62,NVIDIA GeForce RTX 3050 Ti Laptop GPU,610.47,P0,1935,6001,30.28,64
20261004T041246Z,1,512,1024,bf16,before,3.1726035109737465,cuda_graph,20,5,50,False,False,False,7312c87b1a2c81767e01c1acceddc3b3c7ca64d6174622bbba3455445ee4bb31,2.8.0+cu128,12.8,3.4.0,Not Active,Not Active,NVIDIA GeForce RTX 3050 Ti Laptop GPU,610.47,P0,1935,6001,30.31,64,NVIDIA GeForce RTX 3050 Ti Laptop GPU,610.47,P0,1935,6001,36.83,65
20261004T041246Z,1,512,1024,bf16,after,2.808028651821998,cuda_graph,20,5,50,False,False,False,6bb0e3e7cfd443a519cfddaed88ae200ec3bce1be3802ee869a335472f6ffa16,2.8.0+cu128,12.8,3.4.0,Not Active,Not Active,NVIDIA GeForce RTX 3050 Ti Laptop GPU,610.47,P0,1935,6001,30.31,64,NVIDIA GeForce RTX 3050 Ti Laptop GPU,610.47,P0,1935,6001,36.83,65
20261004T041246Z,2,512,1024,bf16,after,2.8214290324859865,cuda_graph,20,5,50,False,False,False,6bb0e3e7cfd443a519cfddaed88ae200ec3bce1be3802ee869a335472f6ffa16,2.8.0+cu128,12.8,3.4.0,Not Active,Not Active,NVIDIA GeForce RTX 3050 Ti Laptop GPU,610.47,P0,1935,6001,30.31,64,NVIDIA GeForce RTX 3050 Ti Laptop GPU,610.47,P0,1935,6001,36.83,65
20261004T041246Z,2,512,1024,bf16,before,3.1666047845332264,cuda_graph,20,5,50,False,False,False,7312c87b1a2c81767e01c1acceddc3b3c7ca64d6174622bbba3455445ee4bb31,2.8.0+cu128,12.8,3.4.0,Not Active,Not Active,NVIDIA GeForce RTX 3050 Ti Laptop GPU,610.47,P0,1935,6001,30.31,64,NVIDIA GeForce RTX 3050 Ti Laptop GPU,610.47,P0,1935,6001,36.83,65
20261004T041246Z,3,512,1024,bf16,before,3.1623277177778775,cuda_graph,20,5,50,False,False,False,7312c87b1a2c81767e01c1acceddc3b3c7ca64d6174622bbba3455445ee4bb31,2.8.0+cu128,12.8,3.4.0,Not Active,Not Active,NVIDIA GeForce RTX 3050 Ti Laptop GPU,610.47,P0,1935,6001,30.31,64,NVIDIA GeForce RTX 3050 Ti Laptop GPU,610.47,P0,1935,6001,36.83,65
20261004T041246Z,3,512,1024,bf16,after,2.8351204029257366,cuda_graph,20,5,50,False,False,False,6bb0e3e7cfd443a519cfddaed88ae200ec3bce1be3802ee869a335472f6ffa16,2.8.0+cu128,12.8,3.4.0,Not Active,Not Active,NVIDIA GeForce RTX 3050 Ti Laptop GPU,610.47,P0,1935,6001,30.31,64,NVIDIA GeForce RTX 3050 Ti Laptop GPU,610.47,P0,1935,6001,36.83,65
20261004T041246Z,4,512,1024,bf16,after,2.8242579760681603,cuda_graph,20,5,50,False,False,False,6bb0e3e7cfd443a519cfddaed88ae200ec3bce1be3802ee869a335472f6ffa16,2.8.0+cu128,12.8,3.4.0,Not Active,Not Active,NVIDIA GeForce RTX 3050 Ti Laptop GPU,610.47,P0,1935,6001,30.31,64,NVIDIA GeForce RTX 3050 Ti Laptop GPU,610.47,P0,1935,6001,36.83,65
20261004T041246Z,4,512,1024,bf16,before,3.1666849573997604,cuda_graph,20,5,50,False,False,False,7312c87b1a2c81767e01c1acceddc3b3c7ca64d6174622bbba3455445ee4bb31,2.8.0+cu128,12.8,3.4.0,Not Active,Not Active,NVIDIA GeForce RTX 3050 Ti Laptop GPU,610.47,P0,1935,6001,30.31,64,NVIDIA GeForce RTX 3050 Ti Laptop GPU,610.47,P0,1935,6001,36.83,65
20261004T041246Z,5,512,1024,bf16,before,3.161984567458813,cuda_graph,20,5,50,False,False,False,7312c87b1a2c81767e01c1acceddc3b3c7ca64d6174622bbba3455445ee4bb31,2.8.0+cu128,12.8,3.4.0,Not Active,Not Active,NVIDIA GeForce RTX 3050 Ti Laptop GPU,610.47,P0,1935,6001,30.31,64,NVIDIA GeForce RTX 3050 Ti Laptop GPU,610.47,P0,1935,6001,36.83,65
20261004T041246Z,5,512,1024,bf16,after,2.838634136246472,cuda_graph,20,5,50,False,False,False,6bb0e3e7cfd443a519cfddaed88ae200ec3bce1be3802ee869a335472f6ffa16,2.8.0+cu128,12.8,3.4.0,Not Active,Not Active,NVIDIA GeForce RTX 3050 Ti Laptop GPU,610.47,P0,1935,6001,30.31,64,NVIDIA GeForce RTX 3050 Ti Laptop GPU,610.47,P0,1935,6001,36.83,65
20261004T041246Z,1,1024,1024,bf16,before,6.446498378879874,cuda_graph,20,5,50,False,False,False,7312c87b1a2c81767e01c1acceddc3b3c7ca64d6174622bbba3455445ee4bb31,2.8.0+cu128,12.8,3.4.0,Not Active,Not Active,NVIDIA GeForce RTX 3050 Ti Laptop GPU,610.47,P0,1935,6001,38.62,65,NVIDIA GeForce RTX 3050 Ti Laptop GPU,610.47,P0,1927,6001,46.44,67
20261004T041246Z,1,1024,1024,bf16,after,5.479101285542527,cuda_graph,20,5,50,False,False,False,6bb0e3e7cfd443a519cfddaed88ae200ec3bce1be3802ee869a335472f6ffa16,2.8.0+cu128,12.8,3.4.0,Not Active,Not Active,NVIDIA GeForce RTX 3050 Ti Laptop GPU,610.47,P0,1935,6001,38.62,65,NVIDIA GeForce RTX 3050 Ti Laptop GPU,610.47,P0,1927,6001,46.44,67
20261004T041246Z,2,1024,1024,bf16,after,4.842807915037042,cuda_graph,20,5,50,False,False,False,6bb0e3e7cfd443a519cfddaed88ae200ec3bce1be3802ee869a335472f6ffa16,2.8.0+cu128,12.8,3.4.0,Not Active,Not Active,NVIDIA GeForce RTX 3050 Ti Laptop GPU,610.47,P0,1935,6001,38.62,65,NVIDIA GeForce RTX 3050 Ti Laptop GPU,610.47,P0,1927,6001,46.44,67
20261004T041246Z,2,1024,1024,bf16,before,5.6867224578482505,cuda_graph,20,5,50,False,False,False,7312c87b1a2c81767e01c1acceddc3b3c7ca64d6174622bbba3455445ee4bb31,2.8.0+cu128,12.8,3.4.0,Not Active,Not Active,NVIDIA GeForce RTX 3050 Ti Laptop GPU,610.47,P0,1935,6001,38.62,65,NVIDIA GeForce RTX 3050 Ti Laptop GPU,610.47,P0,1927,6001,46.44,67
20261004T041246Z,3,1024,1024,bf16,before,5.73905277777431,cuda_graph,20,5,50,False,False,False,7312c87b1a2c81767e01c1acceddc3b3c7ca64d6174622bbba3455445ee4bb31,2.8.0+cu128,12.8,3.4.0,Not Active,Not Active,NVIDIA GeForce RTX 3050 Ti Laptop GPU,610.47,P0,1935,6001,38.62,65,NVIDIA GeForce RTX 3050 Ti Laptop GPU,610.47,P0,1927,6001,46.44,67
20261004T041246Z,3,1024,1024,bf16,after,4.842359624150712,cuda_graph,20,5,50,False,False,False,6bb0e3e7cfd443a519cfddaed88ae200ec3bce1be3802ee869a335472f6ffa16,2.8.0+cu128,12.8,3.4.0,Not Active,Not Active,NVIDIA GeForce RTX 3050 Ti Laptop GPU,610.47,P0,1935,6001,38.62,65,NVIDIA GeForce RTX 3050 Ti Laptop GPU,610.47,P0,1927,6001,46.44,67
20261004T041246Z,4,1024,1024,bf16,after,4.900084772417622,cuda_graph,20,5,50,False,False,False,6bb0e3e7cfd443a519cfddaed88ae200ec3bce1be3802ee869a335472f6ffa16,2.8.0+cu128,12.8,3.4.0,Not Active,Not Active,NVIDIA GeForce RTX 3050 Ti Laptop GPU,610.47,P0,1935,6001,38.62,65,NVIDIA GeForce RTX 3050 Ti Laptop GPU,610.47,P0,1927,6001,46.44,67
20261004T041246Z,4,1024,1024,bf16,before,5.722146804565104,cuda_graph,20,5,50,False,False,False,7312c87b1a2c81767e01c1acceddc3b3c7ca64d6174622bbba3455445ee4bb31,2.8.0+cu128,12.8,3.4.0,Not Active,Not Active,NVIDIA GeForce RTX 3050 Ti Laptop GPU,610.47,P0,1935,6001,38.62,65,NVIDIA GeForce RTX 3050 Ti Laptop GPU,610.47,P0,1927,6001,46.44,67
20261004T041246Z,5,1024,1024,bf16,before,5.6911574148958595,cuda_graph,20,5,50,False,False,False,7312c87b1a2c81767e01c1acceddc3b3c7ca64d6174622bbba3455445ee4bb31,2.8.0+cu128,12.8,3.4.0,Not Active,Not Active,NVIDIA GeForce RTX 3050 Ti Laptop GPU,610.47,P0,1935,6001,38.62,65,NVIDIA GeForce RTX 3050 Ti Laptop GPU,610.47,P0,1927,6001,46.44,67
20261004T041246Z,5,1024,1024,bf16,after,4.849503930492751,cuda_graph,20,5,50,False,False,False,6bb0e3e7cfd443a519cfddaed88ae200ec3bce1be3802ee869a335472f6ffa16,2.8.0+cu128,12.8,3.4.0,Not Active,Not Active,NVIDIA GeForce RTX 3050 Ti Laptop GPU,610.47,P0,1935,6001,38.62,65,NVIDIA GeForce RTX 3050 Ti Laptop GPU,610.47,P0,1927,6001,46.44,67
20261004T041246Z,1,4096,1024,bf16,before,46.1559791376095,cuda_graph,20,5,50,False,False,False,7312c87b1a2c81767e01c1acceddc3b3c7ca64d6174622bbba3455445ee4bb31,2.8.0+cu128,12.8,3.4.0,Not Active,Not Active,NVIDIA GeForce RTX 3050 Ti Laptop GPU,610.47,P0,1927,6001,45.00,67,NVIDIA GeForce RTX 3050 Ti Laptop GPU,610.47,P0,1935,6001,68.34,70
20261004T041246Z,1,4096,1024,bf16,after,46.17860962672788,cuda_graph,20,5,50,False,False,False,6bb0e3e7cfd443a519cfddaed88ae200ec3bce1be3802ee869a335472f6ffa16,2.8.0+cu128,12.8,3.4.0,Not Active,Not Active,NVIDIA GeForce RTX 3050 Ti Laptop GPU,610.47,P0,1927,6001,45.00,67,NVIDIA GeForce RTX 3050 Ti Laptop GPU,610.47,P0,1935,6001,68.34,70
20261004T041246Z,2,4096,1024,bf16,after,46.181504997498095,cuda_graph,20,5,50,False,False,False,6bb0e3e7cfd443a519cfddaed88ae200ec3bce1be3802ee869a335472f6ffa16,2.8.0+cu128,12.8,3.4.0,Not Active,Not Active,NVIDIA GeForce RTX 3050 Ti Laptop GPU,610.47,P0,1927,6001,45.00,67,NVIDIA GeForce RTX 3050 Ti Laptop GPU,610.47,P0,1935,6001,68.34,70
20261004T041246Z,2,4096,1024,bf16,before,46.2302884559748,cuda_graph,20,5,50,False,False,False,7312c87b1a2c81767e01c1acceddc3b3c7ca64d6174622bbba3455445ee4bb31,2.8.0+cu128,12.8,3.4.0,Not Active,Not Active,NVIDIA GeForce RTX 3050 Ti Laptop GPU,610.47,P0,1927,6001,45.00,67,NVIDIA GeForce RTX 3050 Ti Laptop GPU,610.47,P0,1935,6001,68.34,70
20261004T041246Z,3,4096,1024,bf16,before,46.21906259110747,cuda_graph,20,5,50,False,False,False,7312c87b1a2c81767e01c1acceddc3b3c7ca64d6174622bbba3455445ee4bb31,2.8.0+cu128,12.8,3.4.0,Not Active,Not Active,NVIDIA GeForce RTX 3050 Ti Laptop GPU,610.47,P0,1927,6001,45.00,67,NVIDIA GeForce RTX 3050 Ti Laptop GPU,610.47,P0,1935,6001,68.34,70
20261004T041246Z,3,4096,1024,bf16,after,46.207814154327345,cuda_graph,20,5,50,False,False,False,6bb0e3e7cfd443a519cfddaed88ae200ec3bce1be3802ee869a335472f6ffa16,2.8.0+cu128,12.8,3.4.0,Not Active,Not Active,NVIDIA GeForce RTX 3050 Ti Laptop GPU,610.47,P0,1927,6001,45.00,67,NVIDIA GeForce RTX 3050 Ti Laptop GPU,610.47,P0,1935,6001,68.34,70
20261004T041246Z,4,4096,1024,bf16,after,46.177633504185586,cuda_graph,20,5,50,False,False,False,6bb0e3e7cfd443a519cfddaed88ae200ec3bce1be3802ee869a335472f6ffa16,2.8.0+cu128,12.8,3.4.0,Not Active,Not Active,NVIDIA GeForce RTX 3050 Ti Laptop GPU,610.47,P0,1927,6001,45.00,67,NVIDIA GeForce RTX 3050 Ti Laptop GPU,610.47,P0,1935,6001,68.34,70
20261004T041246Z,4,4096,1024,bf16,before,46.17212894236858,cuda_graph,20,5,50,False,False,False,7312c87b1a2c81767e01c1acceddc3b3c7ca64d6174622bbba3455445ee4bb31,2.8.0+cu128,12.8,3.4.0,Not Active,Not Active,NVIDIA GeForce RTX 3050 Ti Laptop GPU,610.47,P0,1927,6001,45.00,67,NVIDIA GeForce RTX 3050 Ti Laptop GPU,610.47,P0,1935,6001,68.34,70
20261004T041246Z,5,4096,1024,bf16,before,46.18447492850672,cuda_graph,20,5,50,False,False,False,7312c87b1a2c81767e01c1acceddc3b3c7ca64d6174622bbba3455445ee4bb31,2.8.0+cu128,12.8,3.4.0,Not Active,Not Active,NVIDIA GeForce RTX 3050 Ti Laptop GPU,610.47,P0,1927,6001,45.00,67,NVIDIA GeForce RTX 3050 Ti Laptop GPU,610.47,P0,1935,6001,68.34,70
20261004T041246Z,5,4096,1024,bf16,after,46.156148668356074,cuda_graph,20,5,50,False,False,False,6bb0e3e7cfd443a519cfddaed88ae200ec3bce1be3802ee869a335472f6ffa16,2.8.0+cu128,12.8,3.4.0,Not Active,Not Active,NVIDIA GeForce RTX 3050 Ti Laptop GPU,610.47,P0,1927,6001,45.00,67,NVIDIA GeForce RTX 3050 Ti Laptop GPU,610.47,P0,1935,6001,68.34,70
20261004T041246Z,1,512,512,bf16,before,2.76943612799368,cuda_graph,20,5,50,False,False,False,7312c87b1a2c81767e01c1acceddc3b3c7ca64d6174622bbba3455445ee4bb31,2.8.0+cu128,12.8,3.4.0,Not Active,Not Active,NVIDIA GeForce RTX 3050 Ti Laptop GPU,610.47,P0,1935,6001,65.89,70,NVIDIA GeForce RTX 3050 Ti Laptop GPU,610.47,P0,1935,6001,35.35,68
20261004T041246Z,1,512,512,bf16,after,2.7500458750510437,cuda_graph,20,5,50,False,False,False,6bb0e3e7cfd443a519cfddaed88ae200ec3bce1be3802ee869a335472f6ffa16,2.8.0+cu128,12.8,3.4.0,Not Active,Not Active,NVIDIA GeForce RTX 3050 Ti Laptop GPU,610.47,P0,1935,6001,65.89,70,NVIDIA GeForce RTX 3050 Ti Laptop GPU,610.47,P0,1935,6001,35.35,68
20261004T041246Z,2,512,512,bf16,after,2.777237712212328,cuda_graph,20,5,50,False,False,False,6bb0e3e7cfd443a519cfddaed88ae200ec3bce1be3802ee869a335472f6ffa16,2.8.0+cu128,12.8,3.4.0,Not Active,Not Active,NVIDIA GeForce RTX 3050 Ti Laptop GPU,610.47,P0,1935,6001,65.89,70,NVIDIA GeForce RTX 3050 Ti Laptop GPU,610.47,P0,1935,6001,35.35,68
20261004T041246Z,2,512,512,bf16,before,2.7518236275875205,cuda_graph,20,5,50,False,False,False,7312c87b1a2c81767e01c1acceddc3b3c7ca64d6174622bbba3455445ee4bb31,2.8.0+cu128,12.8,3.4.0,Not Active,Not Active,NVIDIA GeForce RTX 3050 Ti Laptop GPU,610.47,P0,1935,6001,65.89,70,NVIDIA GeForce RTX 3050 Ti Laptop GPU,610.47,P0,1935,6001,35.35,68
20261004T041246Z,3,512,512,bf16,before,2.747540973546415,cuda_graph,20,5,50,False,False,False,7312c87b1a2c81767e01c1acceddc3b3c7ca64d6174622bbba3455445ee4bb31,2.8.0+cu128,12.8,3.4.0,Not Active,Not Active,NVIDIA GeForce RTX 3050 Ti Laptop GPU,610.47,P0,1935,6001,65.89,70,NVIDIA GeForce RTX 3050 Ti Laptop GPU,610.47,P0,1935,6001,35.35,68
20261004T041246Z,3,512,512,bf16,after,2.776433328656256,cuda_graph,20,5,50,False,False,False,6bb0e3e7cfd443a519cfddaed88ae200ec3bce1be3802ee869a335472f6ffa16,2.8.0+cu128,12.8,3.4.0,Not Active,Not Active,NVIDIA GeForce RTX 3050 Ti Laptop GPU,610.47,P0,1935,6001,65.89,70,NVIDIA GeForce RTX 3050 Ti Laptop GPU,610.47,P0,1935,6001,35.35,68
20261004T041246Z,4,512,512,bf16,after,2.7388030606688876,cuda_graph,20,5,50,False,False,False,6bb0e3e7cfd443a519cfddaed88ae200ec3bce1be3802ee869a335472f6ffa16,2.8.0+cu128,12.8,3.4.0,Not Active,Not Active,NVIDIA GeForce RTX 3050 Ti Laptop GPU,610.47,P0,1935,6001,65.89,70,NVIDIA GeForce RTX 3050 Ti Laptop GPU,610.47,P0,1935,6001,35.35,68
20261004T041246Z,4,512,512,bf16,before,2.742249384481161,cuda_graph,20,5,50,False,False,False,7312c87b1a2c81767e01c1acceddc3b3c7ca64d6174622bbba3455445ee4bb31,2.8.0+cu128,12.8,3.4.0,Not Active,Not Active,NVIDIA GeForce RTX 3050 Ti Laptop GPU,610.47,P0,1935,6001,65.89,70,NVIDIA GeForce RTX 3050 Ti Laptop GPU,610.47,P0,1935,6001,35.35,68
20261004T041246Z,5,512,512,bf16,before,2.7603878367096986,cuda_graph,20,5,50,False,False,False,7312c87b1a2c81767e01c1acceddc3b3c7ca64d6174622bbba3455445ee4bb31,2.8.0+cu128,12.8,3.4.0,Not Active,Not Active,NVIDIA GeForce RTX 3050 Ti Laptop GPU,610.47,P0,1935,6001,65.89,70,NVIDIA GeForce RTX 3050 Ti Laptop GPU,610.47,P0,1935,6001,35.35,68
20261004T041246Z,5,512,512,bf16,after,2.7404552125661383,cuda_graph,20,5,50,False,False,False,6bb0e3e7cfd443a519cfddaed88ae200ec3bce1be3802ee869a335472f6ffa16,2.8.0+cu128,12.8,3.4.0,Not Active,Not Active,NVIDIA GeForce RTX 3050 Ti Laptop GPU,610.47,P0,1935,6001,65.89,70,NVIDIA GeForce RTX 3050 Ti Laptop GPU,610.47,P0,1935,6001,35.35,68
20261004T041246Z,1,512,1023,bf16,before,4.071193597009104,cuda_graph,20,5,50,False,False,False,7312c87b1a2c81767e01c1acceddc3b3c7ca64d6174622bbba3455445ee4bb31,2.8.0+cu128,12.8,3.4.0,Not Active,Not Active,NVIDIA GeForce RTX 3050 Ti Laptop GPU,610.47,P0,1935,6001,36.58,68,NVIDIA GeForce RTX 3050 Ti Laptop GPU,610.47,P0,1935,6001,38.69,68
20261004T041246Z,1,512,1023,bf16,after,4.111871957778931,cuda_graph,20,5,50,False,False,False,6bb0e3e7cfd443a519cfddaed88ae200ec3bce1be3802ee869a335472f6ffa16,2.8.0+cu128,12.8,3.4.0,Not Active,Not Active,NVIDIA GeForce RTX 3050 Ti Laptop GPU,610.47,P0,1935,6001,36.58,68,NVIDIA GeForce RTX 3050 Ti Laptop GPU,610.47,P0,1935,6001,38.69,68
20261004T041246Z,2,512,1023,bf16,after,4.06810849607416,cuda_graph,20,5,50,False,False,False,6bb0e3e7cfd443a519cfddaed88ae200ec3bce1be3802ee869a335472f6ffa16,2.8.0+cu128,12.8,3.4.0,Not Active,Not Active,NVIDIA GeForce RTX 3050 Ti Laptop GPU,610.47,P0,1935,6001,36.58,68,NVIDIA GeForce RTX 3050 Ti Laptop GPU,610.47,P0,1935,6001,38.69,68
20261004T041246Z,2,512,1023,bf16,before,4.546913114087335,cuda_graph,20,5,50,False,False,False,7312c87b1a2c81767e01c1acceddc3b3c7ca64d6174622bbba3455445ee4bb31,2.8.0+cu128,12.8,3.4.0,Not Active,Not Active,NVIDIA GeForce RTX 3050 Ti Laptop GPU,610.47,P0,1935,6001,36.58,68,NVIDIA GeForce RTX 3050 Ti Laptop GPU,610.47,P0,1935,6001,38.69,68
20261004T041246Z,3,512,1023,bf16,before,4.607744558175713,cuda_graph,20,5,50,False,False,False,7312c87b1a2c81767e01c1acceddc3b3c7ca64d6174622bbba3455445ee4bb31,2.8.0+cu128,12.8,3.4.0,Not Active,Not Active,NVIDIA GeForce RTX 3050 Ti Laptop GPU,610.47,P0,1935,6001,36.58,68,NVIDIA GeForce RTX 3050 Ti Laptop GPU,610.47,P0,1935,6001,38.69,68
20261004T041246Z,3,512,1023,bf16,after,4.064267495005425,cuda_graph,20,5,50,False,False,False,6bb0e3e7cfd443a519cfddaed88ae200ec3bce1be3802ee869a335472f6ffa16,2.8.0+cu128,12.8,3.4.0,Not Active,Not Active,NVIDIA GeForce RTX 3050 Ti Laptop GPU,610.47,P0,1935,6001,36.58,68,NVIDIA GeForce RTX 3050 Ti Laptop GPU,610.47,P0,1935,6001,38.69,68
20261004T041246Z,4,512,1023,bf16,after,4.108822836219091,cuda_graph,20,5,50,False,False,False,6bb0e3e7cfd443a519cfddaed88ae200ec3bce1be3802ee869a335472f6ffa16,2.8.0+cu128,12.8,3.4.0,Not Active,Not Active,NVIDIA GeForce RTX 3050 Ti Laptop GPU,610.47,P0,1935,6001,36.58,68,NVIDIA GeForce RTX 3050 Ti Laptop GPU,610.47,P0,1935,6001,38.69,68
20261004T041246Z,4,512,1023,bf16,before,4.088175820780324,cuda_graph,20,5,50,False,False,False,7312c87b1a2c81767e01c1acceddc3b3c7ca64d6174622bbba3455445ee4bb31,2.8.0+cu128,12.8,3.4.0,Not Active,Not Active,NVIDIA GeForce RTX 3050 Ti Laptop GPU,610.47,P0,1935,6001,36.58,68,NVIDIA GeForce RTX 3050 Ti Laptop GPU,610.47,P0,1935,6001,38.69,68
20261004T041246Z,5,512,1023,bf16,before,4.082524240573044,cuda_graph,20,5,50,False,False,False,7312c87b1a2c81767e01c1acceddc3b3c7ca64d6174622bbba3455445ee4bb31,2.8.0+cu128,12.8,3.4.0,Not Active,Not Active,NVIDIA GeForce RTX 3050 Ti Laptop GPU,610.47,P0,1935,6001,36.58,68,NVIDIA GeForce RTX 3050 Ti Laptop GPU,610.47,P0,1935,6001,38.69,68
20261004T041246Z,5,512,1023,bf16,after,4.091665815200483,cuda_graph,20,5,50,False,False,False,6bb0e3e7cfd443a519cfddaed88ae200ec3bce1be3802ee869a335472f6ffa16,2.8.0+cu128,12.8,3.4.0,Not Active,Not Active,NVIDIA GeForce RTX 3050 Ti Laptop GPU,610.47,P0,1935,6001,36.58,68,NVIDIA GeForce RTX 3050 Ti Laptop GPU,610.47,P0,1935,6001,38.69,68
20261004T041246Z,1,512,1025,bf16,before,4.293167148407953,cuda_graph,20,5,50,False,False,False,7312c87b1a2c81767e01c1acceddc3b3c7ca64d6174622bbba3455445ee4bb31,2.8.0+cu128,12.8,3.4.0,Not Active,Not Active,NVIDIA GeForce RTX 3050 Ti Laptop GPU,610.47,P0,1935,6001,38.01,68,NVIDIA GeForce RTX 3050 Ti Laptop GPU,610.47,P0,1935,6001,43.05,69
20261004T041246Z,1,512,1025,bf16,after,4.300227365706052,cuda_graph,20,5,50,False,False,False,6bb0e3e7cfd443a519cfddaed88ae200ec3bce1be3802ee869a335472f6ffa16,2.8.0+cu128,12.8,3.4.0,Not Active,Not Active,NVIDIA GeForce RTX 3050 Ti Laptop GPU,610.47,P0,1935,6001,38.01,68,NVIDIA GeForce RTX 3050 Ti Laptop GPU,610.47,P0,1935,6001,43.05,69
20261004T041246Z,2,512,1025,bf16,after,4.305993314614764,cuda_graph,20,5,50,False,False,False,6bb0e3e7cfd443a519cfddaed88ae200ec3bce1be3802ee869a335472f6ffa16,2.8.0+cu128,12.8,3.4.0,Not Active,Not Active,NVIDIA GeForce RTX 3050 Ti Laptop GPU,610.47,P0,1935,6001,38.01,68,NVIDIA GeForce RTX 3050 Ti Laptop GPU,610.47,P0,1935,6001,43.05,69
20261004T041246Z,2,512,1025,bf16,before,4.310985542013506,cuda_graph,20,5,50,False,False,False,7312c87b1a2c81767e01c1acceddc3b3c7ca64d6174622bbba3455445ee4bb31,2.8.0+cu128,12.8,3.4.0,Not Active,Not Active,NVIDIA GeForce RTX 3050 Ti Laptop GPU,610.47,P0,1935,6001,38.01,68,NVIDIA GeForce RTX 3050 Ti Laptop GPU,610.47,P0,1935,6001,43.05,69
20261004T041246Z,3,512,1025,bf16,before,4.292477305533955,cuda_graph,20,5,50,False,False,False,7312c87b1a2c81767e01c1acceddc3b3c7ca64d6174622bbba3455445ee4bb31,2.8.0+cu128,12.8,3.4.0,Not Active,Not Active,NVIDIA GeForce RTX 3050 Ti Laptop GPU,610.47,P0,1935,6001,38.01,68,NVIDIA GeForce RTX 3050 Ti Laptop GPU,610.47,P0,1935,6001,43.05,69
20261004T041246Z,3,512,1025,bf16,after,4.287372539246005,cuda_graph,20,5,50,False,False,False,6bb0e3e7cfd443a519cfddaed88ae200ec3bce1be3802ee869a335472f6ffa16,2.8.0+cu128,12.8,3.4.0,Not Active,Not Active,NVIDIA GeForce RTX 3050 Ti Laptop GPU,610.47,P0,1935,6001,38.01,68,NVIDIA GeForce RTX 3050 Ti Laptop GPU,610.47,P0,1935,6001,43.05,69
20261004T041246Z,4,512,1025,bf16,after,4.306865247980848,cuda_graph,20,5,50,False,False,False,6bb0e3e7cfd443a519cfddaed88ae200ec3bce1be3802ee869a335472f6ffa16,2.8.0+cu128,12.8,3.4.0,Not Active,Not Active,NVIDIA GeForce RTX 3050 Ti Laptop GPU,610.47,P0,1935,6001,38.01,68,NVIDIA GeForce RTX 3050 Ti Laptop GPU,610.47,P0,1935,6001,43.05,69
20261004T041246Z,4,512,1025,bf16,before,4.3060221851797165,cuda_graph,20,5,50,False,False,False,7312c87b1a2c81767e01c1acceddc3b3c7ca64d6174622bbba3455445ee4bb31,2.8.0+cu128,12.8,3.4.0,Not Active,Not Active,NVIDIA GeForce RTX 3050 Ti Laptop GPU,610.47,P0,1935,6001,38.01,68,NVIDIA GeForce RTX 3050 Ti Laptop GPU,610.47,P0,1935,6001,43.05,69
20261004T041246Z,5,512,1025,bf16,before,4.296382145815528,cuda_graph,20,5,50,False,False,False,7312c87b1a2c81767e01c1acceddc3b3c7ca64d6174622bbba3455445ee4bb31,2.8.0+cu128,12.8,3.4.0,Not Active,Not Active,NVIDIA GeForce RTX 3050 Ti Laptop GPU,610.47,P0,1935,6001,38.01,68,NVIDIA GeForce RTX 3050 Ti Laptop GPU,610.47,P0,1935,6001,43.05,69
20261004T041246Z,5,512,1025,bf16,after,4.305765780318142,cuda_graph,20,5,50,False,False,False,6bb0e3e7cfd443a519cfddaed88ae200ec3bce1be3802ee869a335472f6ffa16,2.8.0+cu128,12.8,3.4.0,Not Active,Not Active,NVIDIA GeForce RTX 3050 Ti Laptop GPU,610.47,P0,1935,6001,38.01,68,NVIDIA GeForce RTX 3050 Ti Laptop GPU,610.47,P0,1935,6001,43.05,69
20261004T041246Z,1,512,2047,bf16,before,6.0556299852863695,cuda_graph,20,5,50,False,False,False,7312c87b1a2c81767e01c1acceddc3b3c7ca64d6174622bbba3455445ee4bb31,2.8.0+cu128,12.8,3.4.0,Not Active,Not Active,NVIDIA GeForce RTX 3050 Ti Laptop GPU,610.47,P0,1935,6001,42.48,69,NVIDIA GeForce RTX 3050 Ti Laptop GPU,610.47,P0,1935,6001,51.06,69
20261004T041246Z,1,512,2047,bf16,after,6.0379013362492895,cuda_graph,20,5,50,False,False,False,6bb0e3e7cfd443a519cfddaed88ae200ec3bce1be3802ee869a335472f6ffa16,2.8.0+cu128,12.8,3.4.0,Not Active,Not Active,NVIDIA GeForce RTX 3050 Ti Laptop GPU,610.47,P0,1935,6001,42.48,69,NVIDIA GeForce RTX 3050 Ti Laptop GPU,610.47,P0,1935,6001,51.06,69
20261004T041246Z,2,512,2047,bf16,after,6.068055676218527,cuda_graph,20,5,50,False,False,False,6bb0e3e7cfd443a519cfddaed88ae200ec3bce1be3802ee869a335472f6ffa16,2.8.0+cu128,12.8,3.4.0,Not Active,Not Active,NVIDIA GeForce RTX 3050 Ti Laptop GPU,610.47,P0,1935,6001,42.48,69,NVIDIA GeForce RTX 3050 Ti Laptop GPU,610.47,P0,1935,6001,51.06,69
20261004T041246Z,2,512,2047,bf16,before,6.063648486205706,cuda_graph,20,5,50,False,False,False,7312c87b1a2c81767e01c1acceddc3b3c7ca64d6174622bbba3455445ee4bb31,2.8.0+cu128,12.8,3.4.0,Not Active,Not Active,NVIDIA GeForce RTX 3050 Ti Laptop GPU,610.47,P0,1935,6001,42.48,69,NVIDIA GeForce RTX 3050 Ti Laptop GPU,610.47,P0,1935,6001,51.06,69
20261004T041246Z,3,512,2047,bf16,before,6.0778565383984136,cuda_graph,20,5,50,False,False,False,7312c87b1a2c81767e01c1acceddc3b3c7ca64d6174622bbba3455445ee4bb31,2.8.0+cu128,12.8,3.4.0,Not Active,Not Active,NVIDIA GeForce RTX 3050 Ti Laptop GPU,610.47,P0,1935,6001,42.48,69,NVIDIA GeForce RTX 3050 Ti Laptop GPU,610.47,P0,1935,6001,51.06,69
20261004T041246Z,3,512,2047,bf16,after,6.148571627480643,cuda_graph,20,5,50,False,False,False,6bb0e3e7cfd443a519cfddaed88ae200ec3bce1be3802ee869a335472f6ffa16,2.8.0+cu128,12.8,3.4.0,Not Active,Not Active,NVIDIA GeForce RTX 3050 Ti Laptop GPU,610.47,P0,1935,6001,42.48,69,NVIDIA GeForce RTX 3050 Ti Laptop GPU,610.47,P0,1935,6001,51.06,69
20261004T041246Z,4,512,2047,bf16,after,6.110188533674996,cuda_graph,20,5,50,False,False,False,6bb0e3e7cfd443a519cfddaed88ae200ec3bce1be3802ee869a335472f6ffa16,2.8.0+cu128,12.8,3.4.0,Not Active,Not Active,NVIDIA GeForce RTX 3050 Ti Laptop GPU,610.47,P0,1935,6001,42.48,69,NVIDIA GeForce RTX 3050 Ti Laptop GPU,610.47,P0,1935,6001,51.06,69
20261004T041246Z,4,512,2047,bf16,before,6.0696490288437115,cuda_graph,20,5,50,False,False,False,7312c87b1a2c81767e01c1acceddc3b3c7ca64d6174622bbba3455445ee4bb31,2.8.0+cu128,12.8,3.4.0,Not Active,Not Active,NVIDIA GeForce RTX 3050 Ti Laptop GPU,610.47,P0,1935,6001,42.48,69,NVIDIA GeForce RTX 3050 Ti Laptop GPU,610.47,P0,1935,6001,51.06,69
20261004T041246Z,5,512,2047,bf16,before,6.066310501376874,cuda_graph,20,5,50,False,False,False,7312c87b1a2c81767e01c1acceddc3b3c7ca64d6174622bbba3455445ee4bb31,2.8.0+cu128,12.8,3.4.0,Not Active,Not Active,NVIDIA GeForce RTX 3050 Ti Laptop GPU,610.47,P0,1935,6001,42.48,69,NVIDIA GeForce RTX 3050 Ti Laptop GPU,610.47,P0,1935,6001,51.06,69
20261004T041246Z,5,512,2047,bf16,after,6.07479561816205,cuda_graph,20,5,50,False,False,False,6bb0e3e7cfd443a519cfddaed88ae200ec3bce1be3802ee869a335472f6ffa16,2.8.0+cu128,12.8,3.4.0,Not Active,Not Active,NVIDIA GeForce RTX 3050 Ti Laptop GPU,610.47,P0,1935,6001,42.48,69,NVIDIA GeForce RTX 3050 Ti Laptop GPU,610.47,P0,1935,6001,51.06,69
20261004T041246Z,1,512,2048,bf16,before,4.4383614896291705,cuda_graph,20,5,50,False,False,False,7312c87b1a2c81767e01c1acceddc3b3c7ca64d6174622bbba3455445ee4bb31,2.8.0+cu128,12.8,3.4.0,Not Active,Not Active,NVIDIA GeForce RTX 3050 Ti Laptop GPU,610.47,P0,1935,6001,52.14,69,NVIDIA GeForce RTX 3050 Ti Laptop GPU,610.47,P0,1935,6001,47.91,70
20261004T041246Z,1,512,2048,bf16,after,4.265688665730678,cuda_graph,20,5,50,False,False,False,6bb0e3e7cfd443a519cfddaed88ae200ec3bce1be3802ee869a335472f6ffa16,2.8.0+cu128,12.8,3.4.0,Not Active,Not Active,NVIDIA GeForce RTX 3050 Ti Laptop GPU,610.47,P0,1935,6001,52.14,69,NVIDIA GeForce RTX 3050 Ti Laptop GPU,610.47,P0,1935,6001,47.91,70
20261004T041246Z,2,512,2048,bf16,after,4.282310751914255,cuda_graph,20,5,50,False,False,False,6bb0e3e7cfd443a519cfddaed88ae200ec3bce1be3802ee869a335472f6ffa16,2.8.0+cu128,12.8,3.4.0,Not Active,Not Active,NVIDIA GeForce RTX 3050 Ti Laptop GPU,610.47,P0,1935,6001,52.14,69,NVIDIA GeForce RTX 3050 Ti Laptop GPU,610.47,P0,1935,6001,47.91,70
20261004T041246Z,2,512,2048,bf16,before,4.41679395457947,cuda_graph,20,5,50,False,False,False,7312c87b1a2c81767e01c1acceddc3b3c7ca64d6174622bbba3455445ee4bb31,2.8.0+cu128,12.8,3.4.0,Not Active,Not Active,NVIDIA GeForce RTX 3050 Ti Laptop GPU,610.47,P0,1935,6001,52.14,69,NVIDIA GeForce RTX 3050 Ti Laptop GPU,610.47,P0,1935,6001,47.91,70
20261004T041246Z,3,512,2048,bf16,before,4.456911471825611,cuda_graph,20,5,50,False,False,False,7312c87b1a2c81767e01c1acceddc3b3c7ca64d6174622bbba3455445ee4bb31,2.8.0+cu128,12.8,3.4.0,Not Active,Not Active,NVIDIA GeForce RTX 3050 Ti Laptop GPU,610.47,P0,1935,6001,52.14,69,NVIDIA GeForce RTX 3050 Ti Laptop GPU,610.47,P0,1935,6001,47.91,70
20261004T041246Z,3,512,2048,bf16,after,4.282520175759309,cuda_graph,20,5,50,False,False,False,6bb0e3e7cfd443a519cfddaed88ae200ec3bce1be3802ee869a335472f6ffa16,2.8.0+cu128,12.8,3.4.0,Not Active,Not Active,NVIDIA GeForce RTX 3050 Ti Laptop GPU,610.47,P0,1935,6001,52.14,69,NVIDIA GeForce RTX 3050 Ti Laptop GPU,610.47,P0,1935,6001,47.91,70
20261004T041246Z,4,512,2048,bf16,after,4.285608805142916,cuda_graph,20,5,50,False,False,False,6bb0e3e7cfd443a519cfddaed88ae200ec3bce1be3802ee869a335472f6ffa16,2.8.0+cu128,12.8,3.4.0,Not Active,Not Active,NVIDIA GeForce RTX 3050 Ti Laptop GPU,610.47,P0,1935,6001,52.14,69,NVIDIA GeForce RTX 3050 Ti Laptop GPU,610.47,P0,1935,6001,47.91,70
20261004T041246Z,4,512,2048,bf16,before,4.4562804679042705,cuda_graph,20,5,50,False,False,False,7312c87b1a2c81767e01c1acceddc3b3c7ca64d6174622bbba3455445ee4bb31,2.8.0+cu128,12.8,3.4.0,Not Active,Not Active,NVIDIA GeForce RTX 3050 Ti Laptop GPU,610.47,P0,1935,6001,52.14,69,NVIDIA GeForce RTX 3050 Ti Laptop GPU,610.47,P0,1935,6001,47.91,70
20261004T041246Z,5,512,2048,bf16,before,4.436628138723453,cuda_graph,20,5,50,False,False,False,7312c87b1a2c81767e01c1acceddc3b3c7ca64d6174622bbba3455445ee4bb31,2.8.0+cu128,12.8,3.4.0,Not Active,Not Active,NVIDIA GeForce RTX 3050 Ti Laptop GPU,610.47,P0,1935,6001,52.14,69,NVIDIA GeForce RTX 3050 Ti Laptop GPU,610.47,P0,1935,6001,47.91,70
20261004T041246Z,5,512,2048,bf16,after,4.265383210880363,cuda_graph,20,5,50,False,False,False,6bb0e3e7cfd443a519cfddaed88ae200ec3bce1be3802ee869a335472f6ffa16,2.8.0+cu128,12.8,3.4.0,Not Active,Not Active,NVIDIA GeForce RTX 3050 Ti Laptop GPU,610.47,P0,1935,6001,52.14,69,NVIDIA GeForce RTX 3050 Ti Laptop GPU,610.47,P0,1935,6001,47.91,70
20261004T041246Z,1,512,2049,bf16,before,7.04326679424454,cuda_graph,20,5,50,False,False,False,7312c87b1a2c81767e01c1acceddc3b3c7ca64d6174622bbba3455445ee4bb31,2.8.0+cu128,12.8,3.4.0,Not Active,Not Active,NVIDIA GeForce RTX 3050 Ti Laptop GPU,610.47,P0,1935,6001,47.01,70,NVIDIA GeForce RTX 3050 Ti Laptop GPU,610.47,P0,1852,6001,55.48,71
20261004T041246Z,1,512,2049,bf16,after,7.016212328345374,cuda_graph,20,5,50,False,False,False,6bb0e3e7cfd443a519cfddaed88ae200ec3bce1be3802ee869a335472f6ffa16,2.8.0+cu128,12.8,3.4.0,Not Active,Not Active,NVIDIA GeForce RTX 3050 Ti Laptop GPU,610.47,P0,1935,6001,47.01,70,NVIDIA GeForce RTX 3050 Ti Laptop GPU,610.47,P0,1852,6001,55.48,71
20261004T041246Z,2,512,2049,bf16,after,7.029073099705336,cuda_graph,20,5,50,False,False,False,6bb0e3e7cfd443a519cfddaed88ae200ec3bce1be3802ee869a335472f6ffa16,2.8.0+cu128,12.8,3.4.0,Not Active,Not Active,NVIDIA GeForce RTX 3050 Ti Laptop GPU,610.47,P0,1935,6001,47.01,70,NVIDIA GeForce RTX 3050 Ti Laptop GPU,610.47,P0,1852,6001,55.48,71
20261004T041246Z,2,512,2049,bf16,before,6.9748486714741995,cuda_graph,20,5,50,False,False,False,7312c87b1a2c81767e01c1acceddc3b3c7ca64d6174622bbba3455445ee4bb31,2.8.0+cu128,12.8,3.4.0,Not Active,Not Active,NVIDIA GeForce RTX 3050 Ti Laptop GPU,610.47,P0,1935,6001,47.01,70,NVIDIA GeForce RTX 3050 Ti Laptop GPU,610.47,P0,1852,6001,55.48,71
20261004T041246Z,3,512,2049,bf16,before,6.989361451829799,cuda_graph,20,5,50,False,False,False,7312c87b1a2c81767e01c1acceddc3b3c7ca64d6174622bbba3455445ee4bb31,2.8.0+cu128,12.8,3.4.0,Not Active,Not Active,NVIDIA GeForce RTX 3050 Ti Laptop GPU,610.47,P0,1935,6001,47.01,70,NVIDIA GeForce RTX 3050 Ti Laptop GPU,610.47,P0,1852,6001,55.48,71
20261004T041246Z,3,512,2049,bf16,after,6.991889192650355,cuda_graph,20,5,50,False,False,False,6bb0e3e7cfd443a519cfddaed88ae200ec3bce1be3802ee869a335472f6ffa16,2.8.0+cu128,12.8,3.4.0,Not Active,Not Active,NVIDIA GeForce RTX 3050 Ti Laptop GPU,610.47,P0,1935,6001,47.01,70,NVIDIA GeForce RTX 3050 Ti Laptop GPU,610.47,P0,1852,6001,55.48,71
20261004T041246Z,4,512,2049,bf16,after,7.026531418643323,cuda_graph,20,5,50,False,False,False,6bb0e3e7cfd443a519cfddaed88ae200ec3bce1be3802ee869a335472f6ffa16,2.8.0+cu128,12.8,3.4.0,Not Active,Not Active,NVIDIA GeForce RTX 3050 Ti Laptop GPU,610.47,P0,1935,6001,47.01,70,NVIDIA GeForce RTX 3050 Ti Laptop GPU,610.47,P0,1852,6001,55.48,71
20261004T041246Z,4,512,2049,bf16,before,7.0851416214828005,cuda_graph,20,5,50,False,False,False,7312c87b1a2c81767e01c1acceddc3b3c7ca64d6174622bbba3455445ee4bb31,2.8.0+cu128,12.8,3.4.0,Not Active,Not Active,NVIDIA GeForce RTX 3050 Ti Laptop GPU,610.47,P0,1935,6001,47.01,70,NVIDIA GeForce RTX 3050 Ti Laptop GPU,610.47,P0,1852,6001,55.48,71
20261004T041246Z,5,512,2049,bf16,before,7.0011465134348825,cuda_graph,20,5,50,False,False,False,7312c87b1a2c81767e01c1acceddc3b3c7ca64d6174622bbba3455445ee4bb31,2.8.0+cu128,12.8,3.4.0,Not Active,Not Active,NVIDIA GeForce RTX 3050 Ti Laptop GPU,610.47,P0,1935,6001,47.01,70,NVIDIA GeForce RTX 3050 Ti Laptop GPU,610.47,P0,1852,6001,55.48,71
20261004T041246Z,5,512,2049,bf16,after,7.034329846712017,cuda_graph,20,5,50,False,False,False,6bb0e3e7cfd443a519cfddaed88ae200ec3bce1be3802ee869a335472f6ffa16,2.8.0+cu128,12.8,3.4.0,Not Active,Not Active,NVIDIA GeForce RTX 3050 Ti Laptop GPU,610.47,P0,1935,6001,47.01,70,NVIDIA GeForce RTX 3050 Ti Laptop GPU,610.47,P0,1852,6001,55.48,71
20261004T041246Z,1,4096,2048,bf16,before,90.95665324818005,cuda_graph,20,5,50,False,False,False,7312c87b1a2c81767e01c1acceddc3b3c7ca64d6174622bbba3455445ee4bb31,2.8.0+cu128,12.8,3.4.0,Not Active,Not Active,NVIDIA GeForce RTX 3050 Ti Laptop GPU,610.47,P0,1852,6001,56.08,71,NVIDIA GeForce RTX 3050 Ti Laptop GPU,610.47,P0,1927,6001,67.68,76
20261004T041246Z,1,4096,2048,bf16,after,90.9713932446071,cuda_graph,20,5,50,False,False,False,6bb0e3e7cfd443a519cfddaed88ae200ec3bce1be3802ee869a335472f6ffa16,2.8.0+cu128,12.8,3.4.0,Not Active,Not Active,NVIDIA GeForce RTX 3050 Ti Laptop GPU,610.47,P0,1852,6001,56.08,71,NVIDIA GeForce RTX 3050 Ti Laptop GPU,610.47,P0,1927,6001,67.68,76
20261004T041246Z,2,4096,2048,bf16,after,90.93138896842872,cuda_graph,20,5,50,False,False,False,6bb0e3e7cfd443a519cfddaed88ae200ec3bce1be3802ee869a335472f6ffa16,2.8.0+cu128,12.8,3.4.0,Not Active,Not Active,NVIDIA GeForce RTX 3050 Ti Laptop GPU,610.47,P0,1852,6001,56.08,71,NVIDIA GeForce RTX 3050 Ti Laptop GPU,610.47,P0,1927,6001,67.68,76
20261004T041246Z,2,4096,2048,bf16,before,90.94388040752918,cuda_graph,20,5,50,False,False,False,7312c87b1a2c81767e01c1acceddc3b3c7ca64d6174622bbba3455445ee4bb31,2.8.0+cu128,12.8,3.4.0,Not Active,Not Active,NVIDIA GeForce RTX 3050 Ti Laptop GPU,610.47,P0,1852,6001,56.08,71,NVIDIA GeForce RTX 3050 Ti Laptop GPU,610.47,P0,1927,6001,67.68,76
20261004T041246Z,3,4096,2048,bf16,before,90.95799811532565,cuda_graph,20,5,50,False,False,False,7312c87b1a2c81767e01c1acceddc3b3c7ca64d6174622bbba3455445ee4bb31,2.8.0+cu128,12.8,3.4.0,Not Active,Not Active,NVIDIA GeForce RTX 3050 Ti Laptop GPU,610.47,P0,1852,6001,56.08,71,NVIDIA GeForce RTX 3050 Ti Laptop GPU,610.47,P0,1927,6001,67.68,76
20261004T041246Z,3,4096,2048,bf16,after,90.96463260219817,cuda_graph,20,5,50,False,False,False,6bb0e3e7cfd443a519cfddaed88ae200ec3bce1be3802ee869a335472f6ffa16,2.8.0+cu128,12.8,3.4.0,Not Active,Not Active,NVIDIA GeForce RTX 3050 Ti Laptop GPU,610.47,P0,1852,6001,56.08,71,NVIDIA GeForce RTX 3050 Ti Laptop GPU,610.47,P0,1927,6001,67.68,76
20261004T041246Z,4,4096,2048,bf16,after,90.89787676930428,cuda_graph,20,5,50,False,False,False,6bb0e3e7cfd443a519cfddaed88ae200ec3bce1be3802ee869a335472f6ffa16,2.8.0+cu128,12.8,3.4.0,Not Active,Not Active,NVIDIA GeForce RTX 3050 Ti Laptop GPU,610.47,P0,1852,6001,56.08,71,NVIDIA GeForce RTX 3050 Ti Laptop GPU,610.47,P0,1927,6001,67.68,76
20261004T041246Z,4,4096,2048,bf16,before,91.04750676410188,cuda_graph,20,5,50,False,False,False,7312c87b1a2c81767e01c1acceddc3b3c7ca64d6174622bbba3455445ee4bb31,2.8.0+cu128,12.8,3.4.0,Not Active,Not Active,NVIDIA GeForce RTX 3050 Ti Laptop GPU,610.47,P0,1852,6001,56.08,71,NVIDIA GeForce RTX 3050 Ti Laptop GPU,610.47,P0,1927,6001,67.68,76
20261004T041246Z,5,4096,2048,bf16,before,90.95232371503978,cuda_graph,20,5,50,False,False,False,7312c87b1a2c81767e01c1acceddc3b3c7ca64d6174622bbba3455445ee4bb31,2.8.0+cu128,12.8,3.4.0,Not Active,Not Active,NVIDIA GeForce RTX 3050 Ti Laptop GPU,610.47,P0,1852,6001,56.08,71,NVIDIA GeForce RTX 3050 Ti Laptop GPU,610.47,P0,1927,6001,67.68,76
20261004T041246Z,5,4096,2048,bf16,after,90.90327105044207,cuda_graph,20,5,50,False,False,False,6bb0e3e7cfd443a519cfddaed88ae200ec3bce1be3802ee869a335472f6ffa16,2.8.0+cu128,12.8,3.4.0,Not Active,Not Active,NVIDIA GeForce RTX 3050 Ti Laptop GPU,610.47,P0,1852,6001,56.08,71,NVIDIA GeForce RTX 3050 Ti Laptop GPU,610.47,P0,1927,6001,67.68,76
20261004T041246Z,1,4096,4096,bf16,before,180.3976045037708,cuda_graph,20,5,50,False,False,False,7312c87b1a2c81767e01c1acceddc3b3c7ca64d6174622bbba3455445ee4bb31,2.8.0+cu128,12.8,3.4.0,Not Active,Not Active,NVIDIA GeForce RTX 3050 Ti Laptop GPU,610.47,P0,1927,6001,64.73,76,NVIDIA GeForce RTX 3050 Ti Laptop GPU,610.47,P0,1927,6001,68.21,77
20261004T041246Z,1,4096,4096,bf16,after,180.39929605748532,cuda_graph,20,5,50,False,False,False,6bb0e3e7cfd443a519cfddaed88ae200ec3bce1be3802ee869a335472f6ffa16,2.8.0+cu128,12.8,3.4.0,Not Active,Not Active,NVIDIA GeForce RTX 3050 Ti Laptop GPU,610.47,P0,1927,6001,64.73,76,NVIDIA GeForce RTX 3050 Ti Laptop GPU,610.47,P0,1927,6001,68.21,77
20261004T041246Z,2,4096,4096,bf16,after,180.446074826874,cuda_graph,20,5,50,False,False,False,6bb0e3e7cfd443a519cfddaed88ae200ec3bce1be3802ee869a335472f6ffa16,2.8.0+cu128,12.8,3.4.0,Not Active,Not Active,NVIDIA GeForce RTX 3050 Ti Laptop GPU,610.47,P0,1927,6001,64.73,76,NVIDIA GeForce RTX 3050 Ti Laptop GPU,610.47,P0,1927,6001,68.21,77
20261004T041246Z,2,4096,4096,bf16,before,180.38282603242973,cuda_graph,20,5,50,False,False,False,7312c87b1a2c81767e01c1acceddc3b3c7ca64d6174622bbba3455445ee4bb31,2.8.0+cu128,12.8,3.4.0,Not Active,Not Active,NVIDIA GeForce RTX 3050 Ti Laptop GPU,610.47,P0,1927,6001,64.73,76,NVIDIA GeForce RTX 3050 Ti Laptop GPU,610.47,P0,1927,6001,68.21,77
20261004T041246Z,3,4096,4096,bf16,before,180.51601453425766,cuda_graph,20,5,50,False,False,False,7312c87b1a2c81767e01c1acceddc3b3c7ca64d6174622bbba3455445ee4bb31,2.8.0+cu128,12.8,3.4.0,Not Active,Not Active,NVIDIA GeForce RTX 3050 Ti Laptop GPU,610.47,P0,1927,6001,64.73,76,NVIDIA GeForce RTX 3050 Ti Laptop GPU,610.47,P0,1927,6001,68.21,77
20261004T041246Z,3,4096,4096,bf16,after,180.38038267706432,cuda_graph,20,5,50,False,False,False,6bb0e3e7cfd443a519cfddaed88ae200ec3bce1be3802ee869a335472f6ffa16,2.8.0+cu128,12.8,3.4.0,Not Active,Not Active,NVIDIA GeForce RTX 3050 Ti Laptop GPU,610.47,P0,1927,6001,64.73,76,NVIDIA GeForce RTX 3050 Ti Laptop GPU,610.47,P0,1927,6001,68.21,77
20261004T041246Z,4,4096,4096,bf16,after,180.4142140101323,cuda_graph,20,5,50,False,False,False,6bb0e3e7cfd443a519cfddaed88ae200ec3bce1be3802ee869a335472f6ffa16,2.8.0+cu128,12.8,3.4.0,Not Active,Not Active,NVIDIA GeForce RTX 3050 Ti Laptop GPU,610.47,P0,1927,6001,64.73,76,NVIDIA GeForce RTX 3050 Ti Laptop GPU,610.47,P0,1927,6001,68.21,77
20261004T041246Z,4,4096,4096,bf16,before,180.31661179814023,cuda_graph,20,5,50,False,False,False,7312c87b1a2c81767e01c1acceddc3b3c7ca64d6174622bbba3455445ee4bb31,2.8.0+cu128,12.8,3.4.0,Not Active,Not Active,NVIDIA GeForce RTX 3050 Ti Laptop GPU,610.47,P0,1927,6001,64.73,76,NVIDIA GeForce RTX 3050 Ti Laptop GPU,610.47,P0,1927,6001,68.21,77
20261004T041246Z,5,4096,4096,bf16,before,180.33237874942975,cuda_graph,20,5,50,False,False,False,7312c87b1a2c81767e01c1acceddc3b3c7ca64d6174622bbba3455445ee4bb31,2.8.0+cu128,12.8,3.4.0,Not Active,Not Active,NVIDIA GeForce RTX 3050 Ti Laptop GPU,610.47,P0,1927,6001,64.73,76,NVIDIA GeForce RTX 3050 Ti Laptop GPU,610.47,P0,1927,6001,68.21,77
20261004T041246Z,5,4096,4096,bf16,after,180.3523178100586,cuda_graph,20,5,50,False,False,False,6bb0e3e7cfd443a519cfddaed88ae200ec3bce1be3802ee869a335472f6ffa16,2.8.0+cu128,12.8,3.4.0,Not Active,Not Active,NVIDIA GeForce RTX 3050 Ti Laptop GPU,610.47,P0,1927,6001,64.73,76,NVIDIA GeForce RTX 3050 Ti Laptop GPU,610.47,P0,1927,6001,68.21,77
20261004T041246Z,1,4096,8192,bf16,before,359.59095885788184,cuda_graph,20,5,50,False,False,False,7312c87b1a2c81767e01c1acceddc3b3c7ca64d6174622bbba3455445ee4bb31,2.8.0+cu128,12.8,3.4.0,Not Active,Not Active,NVIDIA GeForce RTX 3050 Ti Laptop GPU,610.47,P0,1927,6001,66.61,77,NVIDIA GeForce RTX 3050 Ti Laptop GPU,610.47,P0,1927,6001,68.87,77
20261004T041246Z,1,4096,8192,bf16,after,359.49020109314847,cuda_graph,20,5,50,False,False,False,6bb0e3e7cfd443a519cfddaed88ae200ec3bce1be3802ee869a335472f6ffa16,2.8.0+cu128,12.8,3.4.0,Not Active,Not Active,NVIDIA GeForce RTX 3050 Ti Laptop GPU,610.47,P0,1927,6001,66.61,77,NVIDIA GeForce RTX 3050 Ti Laptop GPU,610.47,P0,1927,6001,68.87,77
20261004T041246Z,2,4096,8192,bf16,after,359.4570436339447,cuda_graph,20,5,50,False,False,False,6bb0e3e7cfd443a519cfddaed88ae200ec3bce1be3802ee869a335472f6ffa16,2.8.0+cu128,12.8,3.4.0,Not Active,Not Active,NVIDIA GeForce RTX 3050 Ti Laptop GPU,610.47,P0,1927,6001,66.61,77,NVIDIA GeForce RTX 3050 Ti Laptop GPU,610.47,P0,1927,6001,68.87,77
20261004T041246Z,2,4096,8192,bf16,before,359.4573891681173,cuda_graph,20,5,50,False,False,False,7312c87b1a2c81767e01c1acceddc3b3c7ca64d6174622bbba3455445ee4bb31,2.8.0+cu128,12.8,3.4.0,Not Active,Not Active,NVIDIA GeForce RTX 3050 Ti Laptop GPU,610.47,P0,1927,6001,66.61,77,NVIDIA GeForce RTX 3050 Ti Laptop GPU,610.47,P0,1927,6001,68.87,77
20261004T041246Z,3,4096,8192,bf16,before,359.5315960870273,cuda_graph,20,5,50,False,False,False,7312c87b1a2c81767e01c1acceddc3b3c7ca64d6174622bbba3455445ee4bb31,2.8.0+cu128,12.8,3.4.0,Not Active,Not Active,NVIDIA GeForce RTX 3050 Ti Laptop GPU,610.47,P0,1927,6001,66.61,77,NVIDIA GeForce RTX 3050 Ti Laptop GPU,610.47,P0,1927,6001,68.87,77
20261004T041246Z,3,4096,8192,bf16,after,359.61833313433795,cuda_graph,20,5,50,False,False,False,6bb0e3e7cfd443a519cfddaed88ae200ec3bce1be3802ee869a335472f6ffa16,2.8.0+cu128,12.8,3.4.0,Not Active,Not Active,NVIDIA GeForce RTX 3050 Ti Laptop GPU,610.47,P0,1927,6001,66.61,77,NVIDIA GeForce RTX 3050 Ti Laptop GPU,610.47,P0,1927,6001,68.87,77
20261004T041246Z,4,4096,8192,bf16,after,359.49448571688885,cuda_graph,20,5,50,False,False,False,6bb0e3e7cfd443a519cfddaed88ae200ec3bce1be3802ee869a335472f6ffa16,2.8.0+cu128,12.8,3.4.0,Not Active,Not Active,NVIDIA GeForce RTX 3050 Ti Laptop GPU,610.47,P0,1927,6001,66.61,77,NVIDIA GeForce RTX 3050 Ti Laptop GPU,610.47,P0,1927,6001,68.87,77
20261004T041246Z,4,4096,8192,bf16,before,359.7059802732606,cuda_graph,20,5,50,False,False,False,7312c87b1a2c81767e01c1acceddc3b3c7ca64d6174622bbba3455445ee4bb31,2.8.0+cu128,12.8,3.4.0,Not Active,Not Active,NVIDIA GeForce RTX 3050 Ti Laptop GPU,610.47,P0,1927,6001,66.61,77,NVIDIA GeForce RTX 3050 Ti Laptop GPU,610.47,P0,1927,6001,68.87,77
20261004T041246Z,5,4096,8192,bf16,before,359.69484025153565,cuda_graph,20,5,50,False,False,False,7312c87b1a2c81767e01c1acceddc3b3c7ca64d6174622bbba3455445ee4bb31,2.8.0+cu128,12.8,3.4.0,Not Active,Not Active,NVIDIA GeForce RTX 3050 Ti Laptop GPU,610.47,P0,1927,6001,66.61,77,NVIDIA GeForce RTX 3050 Ti Laptop GPU,610.47,P0,1927,6001,68.87,77
20261004T041246Z,5,4096,8192,bf16,after,359.4533395076144,cuda_graph,20,5,50,False,False,False,6bb0e3e7cfd443a519cfddaed88ae200ec3bce1be3802ee869a335472f6ffa16,2.8.0+cu128,12.8,3.4.0,Not Active,Not Active,NVIDIA GeForce RTX 3050 Ti Laptop GPU,610.47,P0,1927,6001,66.61,77,NVIDIA GeForce RTX 3050 Ti Laptop GPU,610.47,P0,1927,6001,68.87,77
