timestamp_utc,repeat,rows,hidden_size,dtype,configuration,median_us,measurement,warmup,runs,rep_ms,allow_tf32,allow_fp16_reduced_precision_reduction,allow_bf16_reduced_precision_reduction,kernel_source_sha256,source_revision,dirty,torch,cuda,triton,thermal_slowdown_before,thermal_slowdown_after,gpu_before,driver_before,pstate_before,sm_clock_mhz_before,memory_clock_mhz_before,power_w_before,temperature_c_before,gpu_after,driver_after,pstate_after,sm_clock_mhz_after,memory_clock_mhz_after,power_w_after,temperature_c_after
20261004T023022Z,1,1,1024,bf16,before,1.2989947556209729,cuda_graph,20,5,50,False,False,False,f9aad145f61f4b40c364d92a93e2cf3d1d43db836065a2bfa6a71f0734d36248,7bef2a2a83b7f07f200238a02e3433a15244d9bb,True,2.8.0+cu128,12.8,3.4.0,Not Active,Not Active,NVIDIA GeForce RTX 3050 Ti Laptop GPU,610.47,P0,1695,6001,18.74,60,NVIDIA GeForce RTX 3050 Ti Laptop GPU,610.47,P0,1695,6001,19.15,60
20261004T023022Z,1,1,1024,bf16,after,1.284113804983899,cuda_graph,20,5,50,False,False,False,7312c87b1a2c81767e01c1acceddc3b3c7ca64d6174622bbba3455445ee4bb31,7bef2a2a83b7f07f200238a02e3433a15244d9bb,True,2.8.0+cu128,12.8,3.4.0,Not Active,Not Active,NVIDIA GeForce RTX 3050 Ti Laptop GPU,610.47,P0,1695,6001,18.74,60,NVIDIA GeForce RTX 3050 Ti Laptop GPU,610.47,P0,1695,6001,19.15,60
20261004T023022Z,2,1,1024,bf16,after,1.2875497771203948,cuda_graph,20,5,50,False,False,False,7312c87b1a2c81767e01c1acceddc3b3c7ca64d6174622bbba3455445ee4bb31,7bef2a2a83b7f07f200238a02e3433a15244d9bb,True,2.8.0+cu128,12.8,3.4.0,Not Active,Not Active,NVIDIA GeForce RTX 3050 Ti Laptop GPU,610.47,P0,1695,6001,18.74,60,NVIDIA GeForce RTX 3050 Ti Laptop GPU,610.47,P0,1695,6001,19.15,60
20261004T023022Z,2,1,1024,bf16,before,1.3300307050257743,cuda_graph,20,5,50,False,False,False,f9aad145f61f4b40c364d92a93e2cf3d1d43db836065a2bfa6a71f0734d36248,7bef2a2a83b7f07f200238a02e3433a15244d9bb,True,2.8.0+cu128,12.8,3.4.0,Not Active,Not Active,NVIDIA GeForce RTX 3050 Ti Laptop GPU,610.47,P0,1695,6001,18.74,60,NVIDIA GeForce RTX 3050 Ti Laptop GPU,610.47,P0,1695,6001,19.15,60
20261004T023022Z,3,1,1024,bf16,before,1.3090875331603862,cuda_graph,20,5,50,False,False,False,f9aad145f61f4b40c364d92a93e2cf3d1d43db836065a2bfa6a71f0734d36248,7bef2a2a83b7f07f200238a02e3433a15244d9bb,True,2.8.0+cu128,12.8,3.4.0,Not Active,Not Active,NVIDIA GeForce RTX 3050 Ti Laptop GPU,610.47,P0,1695,6001,18.74,60,NVIDIA GeForce RTX 3050 Ti Laptop GPU,610.47,P0,1695,6001,19.15,60
20261004T023022Z,3,1,1024,bf16,after,1.3155112242758125,cuda_graph,20,5,50,False,False,False,7312c87b1a2c81767e01c1acceddc3b3c7ca64d6174622bbba3455445ee4bb31,7bef2a2a83b7f07f200238a02e3433a15244d9bb,True,2.8.0+cu128,12.8,3.4.0,Not Active,Not Active,NVIDIA GeForce RTX 3050 Ti Laptop GPU,610.47,P0,1695,6001,18.74,60,NVIDIA GeForce RTX 3050 Ti Laptop GPU,610.47,P0,1695,6001,19.15,60
20261004T023022Z,4,1,1024,bf16,after,1.3338369190778174,cuda_graph,20,5,50,False,False,False,7312c87b1a2c81767e01c1acceddc3b3c7ca64d6174622bbba3455445ee4bb31,7bef2a2a83b7f07f200238a02e3433a15244d9bb,True,2.8.0+cu128,12.8,3.4.0,Not Active,Not Active,NVIDIA GeForce RTX 3050 Ti Laptop GPU,610.47,P0,1695,6001,18.74,60,NVIDIA GeForce RTX 3050 Ti Laptop GPU,610.47,P0,1695,6001,19.15,60
20261004T023022Z,4,1,1024,bf16,before,2.5476722832185676,cuda_graph,20,5,50,False,False,False,f9aad145f61f4b40c364d92a93e2cf3d1d43db836065a2bfa6a71f0734d36248,7bef2a2a83b7f07f200238a02e3433a15244d9bb,True,2.8.0+cu128,12.8,3.4.0,Not Active,Not Active,NVIDIA GeForce RTX 3050 Ti Laptop GPU,610.47,P0,1695,6001,18.74,60,NVIDIA GeForce RTX 3050 Ti Laptop GPU,610.47,P0,1695,6001,19.15,60
20261004T023022Z,5,1,1024,bf16,before,1.950497606486111,cuda_graph,20,5,50,False,False,False,f9aad145f61f4b40c364d92a93e2cf3d1d43db836065a2bfa6a71f0734d36248,7bef2a2a83b7f07f200238a02e3433a15244d9bb,True,2.8.0+cu128,12.8,3.4.0,Not Active,Not Active,NVIDIA GeForce RTX 3050 Ti Laptop GPU,610.47,P0,1695,6001,18.74,60,NVIDIA GeForce RTX 3050 Ti Laptop GPU,610.47,P0,1695,6001,19.15,60
20261004T023022Z,5,1,1024,bf16,after,1.2722879601569614,cuda_graph,20,5,50,False,False,False,7312c87b1a2c81767e01c1acceddc3b3c7ca64d6174622bbba3455445ee4bb31,7bef2a2a83b7f07f200238a02e3433a15244d9bb,True,2.8.0+cu128,12.8,3.4.0,Not Active,Not Active,NVIDIA GeForce RTX 3050 Ti Laptop GPU,610.47,P0,1695,6001,18.74,60,NVIDIA GeForce RTX 3050 Ti Laptop GPU,610.47,P0,1695,6001,19.15,60
20261004T023022Z,1,1,4096,bf16,before,1.6544260717798307,cuda_graph,20,5,50,False,False,False,f9aad145f61f4b40c364d92a93e2cf3d1d43db836065a2bfa6a71f0734d36248,7bef2a2a83b7f07f200238a02e3433a15244d9bb,True,2.8.0+cu128,12.8,3.4.0,Not Active,Not Active,NVIDIA GeForce RTX 3050 Ti Laptop GPU,610.47,P0,1695,6001,19.16,60,NVIDIA GeForce RTX 3050 Ti Laptop GPU,610.47,P0,1695,6001,19.19,60
20261004T023022Z,1,1,4096,bf16,after,1.6819547474114602,cuda_graph,20,5,50,False,False,False,7312c87b1a2c81767e01c1acceddc3b3c7ca64d6174622bbba3455445ee4bb31,7bef2a2a83b7f07f200238a02e3433a15244d9bb,True,2.8.0+cu128,12.8,3.4.0,Not Active,Not Active,NVIDIA GeForce RTX 3050 Ti Laptop GPU,610.47,P0,1695,6001,19.16,60,NVIDIA GeForce RTX 3050 Ti Laptop GPU,610.47,P0,1695,6001,19.19,60
20261004T023022Z,2,1,4096,bf16,after,1.6811757613294802,cuda_graph,20,5,50,False,False,False,7312c87b1a2c81767e01c1acceddc3b3c7ca64d6174622bbba3455445ee4bb31,7bef2a2a83b7f07f200238a02e3433a15244d9bb,True,2.8.0+cu128,12.8,3.4.0,Not Active,Not Active,NVIDIA GeForce RTX 3050 Ti Laptop GPU,610.47,P0,1695,6001,19.16,60,NVIDIA GeForce RTX 3050 Ti Laptop GPU,610.47,P0,1695,6001,19.19,60
20261004T023022Z,2,1,4096,bf16,before,1.6950346238120308,cuda_graph,20,5,50,False,False,False,f9aad145f61f4b40c364d92a93e2cf3d1d43db836065a2bfa6a71f0734d36248,7bef2a2a83b7f07f200238a02e3433a15244d9bb,True,2.8.0+cu128,12.8,3.4.0,Not Active,Not Active,NVIDIA GeForce RTX 3050 Ti Laptop GPU,610.47,P0,1695,6001,19.16,60,NVIDIA GeForce RTX 3050 Ti Laptop GPU,610.47,P0,1695,6001,19.19,60
20261004T023022Z,3,1,4096,bf16,before,1.6661384509685215,cuda_graph,20,5,50,False,False,False,f9aad145f61f4b40c364d92a93e2cf3d1d43db836065a2bfa6a71f0734d36248,7bef2a2a83b7f07f200238a02e3433a15244d9bb,True,2.8.0+cu128,12.8,3.4.0,Not Active,Not Active,NVIDIA GeForce RTX 3050 Ti Laptop GPU,610.47,P0,1695,6001,19.16,60,NVIDIA GeForce RTX 3050 Ti Laptop GPU,610.47,P0,1695,6001,19.19,60
20261004T023022Z,3,1,4096,bf16,after,1.6263639604723132,cuda_graph,20,5,50,False,False,False,7312c87b1a2c81767e01c1acceddc3b3c7ca64d6174622bbba3455445ee4bb31,7bef2a2a83b7f07f200238a02e3433a15244d9bb,True,2.8.0+cu128,12.8,3.4.0,Not Active,Not Active,NVIDIA GeForce RTX 3050 Ti Laptop GPU,610.47,P0,1695,6001,19.16,60,NVIDIA GeForce RTX 3050 Ti Laptop GPU,610.47,P0,1695,6001,19.19,60
20261004T023022Z,4,1,4096,bf16,after,1.6099193040479267,cuda_graph,20,5,50,False,False,False,7312c87b1a2c81767e01c1acceddc3b3c7ca64d6174622bbba3455445ee4bb31,7bef2a2a83b7f07f200238a02e3433a15244d9bb,True,2.8.0+cu128,12.8,3.4.0,Not Active,Not Active,NVIDIA GeForce RTX 3050 Ti Laptop GPU,610.47,P0,1695,6001,19.16,60,NVIDIA GeForce RTX 3050 Ti Laptop GPU,610.47,P0,1695,6001,19.19,60
20261004T023022Z,4,1,4096,bf16,before,1.6588284818352368,cuda_graph,20,5,50,False,False,False,f9aad145f61f4b40c364d92a93e2cf3d1d43db836065a2bfa6a71f0734d36248,7bef2a2a83b7f07f200238a02e3433a15244d9bb,True,2.8.0+cu128,12.8,3.4.0,Not Active,Not Active,NVIDIA GeForce RTX 3050 Ti Laptop GPU,610.47,P0,1695,6001,19.16,60,NVIDIA GeForce RTX 3050 Ti Laptop GPU,610.47,P0,1695,6001,19.19,60
20261004T023022Z,5,1,4096,bf16,before,1.7050947013654207,cuda_graph,20,5,50,False,False,False,f9aad145f61f4b40c364d92a93e2cf3d1d43db836065a2bfa6a71f0734d36248,7bef2a2a83b7f07f200238a02e3433a15244d9bb,True,2.8.0+cu128,12.8,3.4.0,Not Active,Not Active,NVIDIA GeForce RTX 3050 Ti Laptop GPU,610.47,P0,1695,6001,19.16,60,NVIDIA GeForce RTX 3050 Ti Laptop GPU,610.47,P0,1695,6001,19.19,60
20261004T023022Z,5,1,4096,bf16,after,1.6387424607207808,cuda_graph,20,5,50,False,False,False,7312c87b1a2c81767e01c1acceddc3b3c7ca64d6174622bbba3455445ee4bb31,7bef2a2a83b7f07f200238a02e3433a15244d9bb,True,2.8.0+cu128,12.8,3.4.0,Not Active,Not Active,NVIDIA GeForce RTX 3050 Ti Laptop GPU,610.47,P0,1695,6001,19.16,60,NVIDIA GeForce RTX 3050 Ti Laptop GPU,610.47,P0,1695,6001,19.19,60
20261004T023022Z,1,1,8192,bf16,before,2.1229587064301674,cuda_graph,20,5,50,False,False,False,f9aad145f61f4b40c364d92a93e2cf3d1d43db836065a2bfa6a71f0734d36248,7bef2a2a83b7f07f200238a02e3433a15244d9bb,True,2.8.0+cu128,12.8,3.4.0,Not Active,Not Active,NVIDIA GeForce RTX 3050 Ti Laptop GPU,610.47,P0,1695,6001,19.20,60,NVIDIA GeForce RTX 3050 Ti Laptop GPU,610.47,P0,1695,6001,19.25,60
20261004T023022Z,1,1,8192,bf16,after,2.08253028780915,cuda_graph,20,5,50,False,False,False,7312c87b1a2c81767e01c1acceddc3b3c7ca64d6174622bbba3455445ee4bb31,7bef2a2a83b7f07f200238a02e3433a15244d9bb,True,2.8.0+cu128,12.8,3.4.0,Not Active,Not Active,NVIDIA GeForce RTX 3050 Ti Laptop GPU,610.47,P0,1695,6001,19.20,60,NVIDIA GeForce RTX 3050 Ti Laptop GPU,610.47,P0,1695,6001,19.25,60
20261004T023022Z,2,1,8192,bf16,after,2.046866210426871,cuda_graph,20,5,50,False,False,False,7312c87b1a2c81767e01c1acceddc3b3c7ca64d6174622bbba3455445ee4bb31,7bef2a2a83b7f07f200238a02e3433a15244d9bb,True,2.8.0+cu128,12.8,3.4.0,Not Active,Not Active,NVIDIA GeForce RTX 3050 Ti Laptop GPU,610.47,P0,1695,6001,19.20,60,NVIDIA GeForce RTX 3050 Ti Laptop GPU,610.47,P0,1695,6001,19.25,60
20261004T023022Z,2,1,8192,bf16,before,2.1500221624292277,cuda_graph,20,5,50,False,False,False,f9aad145f61f4b40c364d92a93e2cf3d1d43db836065a2bfa6a71f0734d36248,7bef2a2a83b7f07f200238a02e3433a15244d9bb,True,2.8.0+cu128,12.8,3.4.0,Not Active,Not Active,NVIDIA GeForce RTX 3050 Ti Laptop GPU,610.47,P0,1695,6001,19.20,60,NVIDIA GeForce RTX 3050 Ti Laptop GPU,610.47,P0,1695,6001,19.25,60
20261004T023022Z,3,1,8192,bf16,before,2.137129611157356,cuda_graph,20,5,50,False,False,False,f9aad145f61f4b40c364d92a93e2cf3d1d43db836065a2bfa6a71f0734d36248,7bef2a2a83b7f07f200238a02e3433a15244d9bb,True,2.8.0+cu128,12.8,3.4.0,Not Active,Not Active,NVIDIA GeForce RTX 3050 Ti Laptop GPU,610.47,P0,1695,6001,19.20,60,NVIDIA GeForce RTX 3050 Ti Laptop GPU,610.47,P0,1695,6001,19.25,60
20261004T023022Z,3,1,8192,bf16,after,2.0614533340629975,cuda_graph,20,5,50,False,False,False,7312c87b1a2c81767e01c1acceddc3b3c7ca64d6174622bbba3455445ee4bb31,7bef2a2a83b7f07f200238a02e3433a15244d9bb,True,2.8.0+cu128,12.8,3.4.0,Not Active,Not Active,NVIDIA GeForce RTX 3050 Ti Laptop GPU,610.47,P0,1695,6001,19.20,60,NVIDIA GeForce RTX 3050 Ti Laptop GPU,610.47,P0,1695,6001,19.25,60
20261004T023022Z,4,1,8192,bf16,after,2.059468902459665,cuda_graph,20,5,50,False,False,False,7312c87b1a2c81767e01c1acceddc3b3c7ca64d6174622bbba3455445ee4bb31,7bef2a2a83b7f07f200238a02e3433a15244d9bb,True,2.8.0+cu128,12.8,3.4.0,Not Active,Not Active,NVIDIA GeForce RTX 3050 Ti Laptop GPU,610.47,P0,1695,6001,19.20,60,NVIDIA GeForce RTX 3050 Ti Laptop GPU,610.47,P0,1695,6001,19.25,60
20261004T023022Z,4,1,8192,bf16,before,2.7341855818814484,cuda_graph,20,5,50,False,False,False,f9aad145f61f4b40c364d92a93e2cf3d1d43db836065a2bfa6a71f0734d36248,7bef2a2a83b7f07f200238a02e3433a15244d9bb,True,2.8.0+cu128,12.8,3.4.0,Not Active,Not Active,NVIDIA GeForce RTX 3050 Ti Laptop GPU,610.47,P0,1695,6001,19.20,60,NVIDIA GeForce RTX 3050 Ti Laptop GPU,610.47,P0,1695,6001,19.25,60
20261004T023022Z,5,1,8192,bf16,before,2.798013851560395,cuda_graph,20,5,50,False,False,False,f9aad145f61f4b40c364d92a93e2cf3d1d43db836065a2bfa6a71f0734d36248,7bef2a2a83b7f07f200238a02e3433a15244d9bb,True,2.8.0+cu128,12.8,3.4.0,Not Active,Not Active,NVIDIA GeForce RTX 3050 Ti Laptop GPU,610.47,P0,1695,6001,19.20,60,NVIDIA GeForce RTX 3050 Ti Laptop GPU,610.47,P0,1695,6001,19.25,60
20261004T023022Z,5,1,8192,bf16,after,2.0488405573195303,cuda_graph,20,5,50,False,False,False,7312c87b1a2c81767e01c1acceddc3b3c7ca64d6174622bbba3455445ee4bb31,7bef2a2a83b7f07f200238a02e3433a15244d9bb,True,2.8.0+cu128,12.8,3.4.0,Not Active,Not Active,NVIDIA GeForce RTX 3050 Ti Laptop GPU,610.47,P0,1695,6001,19.20,60,NVIDIA GeForce RTX 3050 Ti Laptop GPU,610.47,P0,1695,6001,19.25,60
20261004T023022Z,1,16,1024,bf16,before,1.4060532298831434,cuda_graph,20,5,50,False,False,False,f9aad145f61f4b40c364d92a93e2cf3d1d43db836065a2bfa6a71f0734d36248,7bef2a2a83b7f07f200238a02e3433a15244d9bb,True,2.8.0+cu128,12.8,3.4.0,Not Active,Not Active,NVIDIA GeForce RTX 3050 Ti Laptop GPU,610.47,P0,1695,6001,19.31,60,NVIDIA GeForce RTX 3050 Ti Laptop GPU,610.47,P0,1695,6001,19.47,60
20261004T023022Z,1,16,1024,bf16,after,1.395951839814703,cuda_graph,20,5,50,False,False,False,7312c87b1a2c81767e01c1acceddc3b3c7ca64d6174622bbba3455445ee4bb31,7bef2a2a83b7f07f200238a02e3433a15244d9bb,True,2.8.0+cu128,12.8,3.4.0,Not Active,Not Active,NVIDIA GeForce RTX 3050 Ti Laptop GPU,610.47,P0,1695,6001,19.31,60,NVIDIA GeForce RTX 3050 Ti Laptop GPU,610.47,P0,1695,6001,19.47,60
20261004T023022Z,2,16,1024,bf16,after,1.4375419014473214,cuda_graph,20,5,50,False,False,False,7312c87b1a2c81767e01c1acceddc3b3c7ca64d6174622bbba3455445ee4bb31,7bef2a2a83b7f07f200238a02e3433a15244d9bb,True,2.8.0+cu128,12.8,3.4.0,Not Active,Not Active,NVIDIA GeForce RTX 3050 Ti Laptop GPU,610.47,P0,1695,6001,19.31,60,NVIDIA GeForce RTX 3050 Ti Laptop GPU,610.47,P0,1695,6001,19.47,60
20261004T023022Z,2,16,1024,bf16,before,1.4154586739843216,cuda_graph,20,5,50,False,False,False,f9aad145f61f4b40c364d92a93e2cf3d1d43db836065a2bfa6a71f0734d36248,7bef2a2a83b7f07f200238a02e3433a15244d9bb,True,2.8.0+cu128,12.8,3.4.0,Not Active,Not Active,NVIDIA GeForce RTX 3050 Ti Laptop GPU,610.47,P0,1695,6001,19.31,60,NVIDIA GeForce RTX 3050 Ti Laptop GPU,610.47,P0,1695,6001,19.47,60
20261004T023022Z,3,16,1024,bf16,before,1.4188035286253646,cuda_graph,20,5,50,False,False,False,f9aad145f61f4b40c364d92a93e2cf3d1d43db836065a2bfa6a71f0734d36248,7bef2a2a83b7f07f200238a02e3433a15244d9bb,True,2.8.0+cu128,12.8,3.4.0,Not Active,Not Active,NVIDIA GeForce RTX 3050 Ti Laptop GPU,610.47,P0,1695,6001,19.31,60,NVIDIA GeForce RTX 3050 Ti Laptop GPU,610.47,P0,1695,6001,19.47,60
20261004T023022Z,3,16,1024,bf16,after,1.433726303674437,cuda_graph,20,5,50,False,False,False,7312c87b1a2c81767e01c1acceddc3b3c7ca64d6174622bbba3455445ee4bb31,7bef2a2a83b7f07f200238a02e3433a15244d9bb,True,2.8.0+cu128,12.8,3.4.0,Not Active,Not Active,NVIDIA GeForce RTX 3050 Ti Laptop GPU,610.47,P0,1695,6001,19.31,60,NVIDIA GeForce RTX 3050 Ti Laptop GPU,610.47,P0,1695,6001,19.47,60
20261004T023022Z,4,16,1024,bf16,after,1.39353402609964,cuda_graph,20,5,50,False,False,False,7312c87b1a2c81767e01c1acceddc3b3c7ca64d6174622bbba3455445ee4bb31,7bef2a2a83b7f07f200238a02e3433a15244d9bb,True,2.8.0+cu128,12.8,3.4.0,Not Active,Not Active,NVIDIA GeForce RTX 3050 Ti Laptop GPU,610.47,P0,1695,6001,19.31,60,NVIDIA GeForce RTX 3050 Ti Laptop GPU,610.47,P0,1695,6001,19.47,60
20261004T023022Z,4,16,1024,bf16,before,1.4393064813348162,cuda_graph,20,5,50,False,False,False,f9aad145f61f4b40c364d92a93e2cf3d1d43db836065a2bfa6a71f0734d36248,7bef2a2a83b7f07f200238a02e3433a15244d9bb,True,2.8.0+cu128,12.8,3.4.0,Not Active,Not Active,NVIDIA GeForce RTX 3050 Ti Laptop GPU,610.47,P0,1695,6001,19.31,60,NVIDIA GeForce RTX 3050 Ti Laptop GPU,610.47,P0,1695,6001,19.47,60
20261004T023022Z,5,16,1024,bf16,before,1.4442854484826355,cuda_graph,20,5,50,False,False,False,f9aad145f61f4b40c364d92a93e2cf3d1d43db836065a2bfa6a71f0734d36248,7bef2a2a83b7f07f200238a02e3433a15244d9bb,True,2.8.0+cu128,12.8,3.4.0,Not Active,Not Active,NVIDIA GeForce RTX 3050 Ti Laptop GPU,610.47,P0,1695,6001,19.31,60,NVIDIA GeForce RTX 3050 Ti Laptop GPU,610.47,P0,1695,6001,19.47,60
20261004T023022Z,5,16,1024,bf16,after,1.3999193155465004,cuda_graph,20,5,50,False,False,False,7312c87b1a2c81767e01c1acceddc3b3c7ca64d6174622bbba3455445ee4bb31,7bef2a2a83b7f07f200238a02e3433a15244d9bb,True,2.8.0+cu128,12.8,3.4.0,Not Active,Not Active,NVIDIA GeForce RTX 3050 Ti Laptop GPU,610.47,P0,1695,6001,19.31,60,NVIDIA GeForce RTX 3050 Ti Laptop GPU,610.47,P0,1695,6001,19.47,60
20261004T023022Z,1,16,4096,bf16,before,1.9056501944503443,cuda_graph,20,5,50,False,False,False,f9aad145f61f4b40c364d92a93e2cf3d1d43db836065a2bfa6a71f0734d36248,7bef2a2a83b7f07f200238a02e3433a15244d9bb,True,2.8.0+cu128,12.8,3.4.0,Not Active,Not Active,NVIDIA GeForce RTX 3050 Ti Laptop GPU,610.47,P0,1695,6001,19.47,60,NVIDIA GeForce RTX 3050 Ti Laptop GPU,610.47,P0,1695,6001,20.14,61
20261004T023022Z,1,16,4096,bf16,after,1.8684878581907691,cuda_graph,20,5,50,False,False,False,7312c87b1a2c81767e01c1acceddc3b3c7ca64d6174622bbba3455445ee4bb31,7bef2a2a83b7f07f200238a02e3433a15244d9bb,True,2.8.0+cu128,12.8,3.4.0,Not Active,Not Active,NVIDIA GeForce RTX 3050 Ti Laptop GPU,610.47,P0,1695,6001,19.47,60,NVIDIA GeForce RTX 3050 Ti Laptop GPU,610.47,P0,1695,6001,20.14,61
20261004T023022Z,2,16,4096,bf16,after,1.9108134023310464,cuda_graph,20,5,50,False,False,False,7312c87b1a2c81767e01c1acceddc3b3c7ca64d6174622bbba3455445ee4bb31,7bef2a2a83b7f07f200238a02e3433a15244d9bb,True,2.8.0+cu128,12.8,3.4.0,Not Active,Not Active,NVIDIA GeForce RTX 3050 Ti Laptop GPU,610.47,P0,1695,6001,19.47,60,NVIDIA GeForce RTX 3050 Ti Laptop GPU,610.47,P0,1695,6001,20.14,61
20261004T023022Z,2,16,4096,bf16,before,1.8936929230182562,cuda_graph,20,5,50,False,False,False,f9aad145f61f4b40c364d92a93e2cf3d1d43db836065a2bfa6a71f0734d36248,7bef2a2a83b7f07f200238a02e3433a15244d9bb,True,2.8.0+cu128,12.8,3.4.0,Not Active,Not Active,NVIDIA GeForce RTX 3050 Ti Laptop GPU,610.47,P0,1695,6001,19.47,60,NVIDIA GeForce RTX 3050 Ti Laptop GPU,610.47,P0,1695,6001,20.14,61
20261004T023022Z,3,16,4096,bf16,before,1.8860448356386497,cuda_graph,20,5,50,False,False,False,f9aad145f61f4b40c364d92a93e2cf3d1d43db836065a2bfa6a71f0734d36248,7bef2a2a83b7f07f200238a02e3433a15244d9bb,True,2.8.0+cu128,12.8,3.4.0,Not Active,Not Active,NVIDIA GeForce RTX 3050 Ti Laptop GPU,610.47,P0,1695,6001,19.47,60,NVIDIA GeForce RTX 3050 Ti Laptop GPU,610.47,P0,1695,6001,20.14,61
20261004T023022Z,3,16,4096,bf16,after,1.9618217455278528,cuda_graph,20,5,50,False,False,False,7312c87b1a2c81767e01c1acceddc3b3c7ca64d6174622bbba3455445ee4bb31,7bef2a2a83b7f07f200238a02e3433a15244d9bb,True,2.8.0+cu128,12.8,3.4.0,Not Active,Not Active,NVIDIA GeForce RTX 3050 Ti Laptop GPU,610.47,P0,1695,6001,19.47,60,NVIDIA GeForce RTX 3050 Ti Laptop GPU,610.47,P0,1695,6001,20.14,61
20261004T023022Z,4,16,4096,bf16,after,1.8894089338773215,cuda_graph,20,5,50,False,False,False,7312c87b1a2c81767e01c1acceddc3b3c7ca64d6174622bbba3455445ee4bb31,7bef2a2a83b7f07f200238a02e3433a15244d9bb,True,2.8.0+cu128,12.8,3.4.0,Not Active,Not Active,NVIDIA GeForce RTX 3050 Ti Laptop GPU,610.47,P0,1695,6001,19.47,60,NVIDIA GeForce RTX 3050 Ti Laptop GPU,610.47,P0,1695,6001,20.14,61
20261004T023022Z,4,16,4096,bf16,before,1.8904756224485615,cuda_graph,20,5,50,False,False,False,f9aad145f61f4b40c364d92a93e2cf3d1d43db836065a2bfa6a71f0734d36248,7bef2a2a83b7f07f200238a02e3433a15244d9bb,True,2.8.0+cu128,12.8,3.4.0,Not Active,Not Active,NVIDIA GeForce RTX 3050 Ti Laptop GPU,610.47,P0,1695,6001,19.47,60,NVIDIA GeForce RTX 3050 Ti Laptop GPU,610.47,P0,1695,6001,20.14,61
20261004T023022Z,5,16,4096,bf16,before,2.7662720680236816,cuda_graph,20,5,50,False,False,False,f9aad145f61f4b40c364d92a93e2cf3d1d43db836065a2bfa6a71f0734d36248,7bef2a2a83b7f07f200238a02e3433a15244d9bb,True,2.8.0+cu128,12.8,3.4.0,Not Active,Not Active,NVIDIA GeForce RTX 3050 Ti Laptop GPU,610.47,P0,1695,6001,19.47,60,NVIDIA GeForce RTX 3050 Ti Laptop GPU,610.47,P0,1695,6001,20.14,61
20261004T023022Z,5,16,4096,bf16,after,1.8769759115520817,cuda_graph,20,5,50,False,False,False,7312c87b1a2c81767e01c1acceddc3b3c7ca64d6174622bbba3455445ee4bb31,7bef2a2a83b7f07f200238a02e3433a15244d9bb,True,2.8.0+cu128,12.8,3.4.0,Not Active,Not Active,NVIDIA GeForce RTX 3050 Ti Laptop GPU,610.47,P0,1695,6001,19.47,60,NVIDIA GeForce RTX 3050 Ti Laptop GPU,610.47,P0,1695,6001,20.14,61
20261004T023022Z,1,16,8192,bf16,before,2.407177891991478,cuda_graph,20,5,50,False,False,False,f9aad145f61f4b40c364d92a93e2cf3d1d43db836065a2bfa6a71f0734d36248,7bef2a2a83b7f07f200238a02e3433a15244d9bb,True,2.8.0+cu128,12.8,3.4.0,Not Active,Not Active,NVIDIA GeForce RTX 3050 Ti Laptop GPU,610.47,P0,1695,6001,20.17,61,NVIDIA GeForce RTX 3050 Ti Laptop GPU,610.47,P0,1695,6001,21.15,61
20261004T023022Z,1,16,8192,bf16,after,2.446971968724661,cuda_graph,20,5,50,False,False,False,7312c87b1a2c81767e01c1acceddc3b3c7ca64d6174622bbba3455445ee4bb31,7bef2a2a83b7f07f200238a02e3433a15244d9bb,True,2.8.0+cu128,12.8,3.4.0,Not Active,Not Active,NVIDIA GeForce RTX 3050 Ti Laptop GPU,610.47,P0,1695,6001,20.17,61,NVIDIA GeForce RTX 3050 Ti Laptop GPU,610.47,P0,1695,6001,21.15,61
20261004T023022Z,2,16,8192,bf16,after,2.378341516455387,cuda_graph,20,5,50,False,False,False,7312c87b1a2c81767e01c1acceddc3b3c7ca64d6174622bbba3455445ee4bb31,7bef2a2a83b7f07f200238a02e3433a15244d9bb,True,2.8.0+cu128,12.8,3.4.0,Not Active,Not Active,NVIDIA GeForce RTX 3050 Ti Laptop GPU,610.47,P0,1695,6001,20.17,61,NVIDIA GeForce RTX 3050 Ti Laptop GPU,610.47,P0,1695,6001,21.15,61
20261004T023022Z,2,16,8192,bf16,before,2.40628444852463,cuda_graph,20,5,50,False,False,False,f9aad145f61f4b40c364d92a93e2cf3d1d43db836065a2bfa6a71f0734d36248,7bef2a2a83b7f07f200238a02e3433a15244d9bb,True,2.8.0+cu128,12.8,3.4.0,Not Active,Not Active,NVIDIA GeForce RTX 3050 Ti Laptop GPU,610.47,P0,1695,6001,20.17,61,NVIDIA GeForce RTX 3050 Ti Laptop GPU,610.47,P0,1695,6001,21.15,61
20261004T023022Z,3,16,8192,bf16,before,2.395509982740642,cuda_graph,20,5,50,False,False,False,f9aad145f61f4b40c364d92a93e2cf3d1d43db836065a2bfa6a71f0734d36248,7bef2a2a83b7f07f200238a02e3433a15244d9bb,True,2.8.0+cu128,12.8,3.4.0,Not Active,Not Active,NVIDIA GeForce RTX 3050 Ti Laptop GPU,610.47,P0,1695,6001,20.17,61,NVIDIA GeForce RTX 3050 Ti Laptop GPU,610.47,P0,1695,6001,21.15,61
20261004T023022Z,3,16,8192,bf16,after,2.410710843141414,cuda_graph,20,5,50,False,False,False,7312c87b1a2c81767e01c1acceddc3b3c7ca64d6174622bbba3455445ee4bb31,7bef2a2a83b7f07f200238a02e3433a15244d9bb,True,2.8.0+cu128,12.8,3.4.0,Not Active,Not Active,NVIDIA GeForce RTX 3050 Ti Laptop GPU,610.47,P0,1695,6001,20.17,61,NVIDIA GeForce RTX 3050 Ti Laptop GPU,610.47,P0,1695,6001,21.15,61
20261004T023022Z,4,16,8192,bf16,after,2.389847394452995,cuda_graph,20,5,50,False,False,False,7312c87b1a2c81767e01c1acceddc3b3c7ca64d6174622bbba3455445ee4bb31,7bef2a2a83b7f07f200238a02e3433a15244d9bb,True,2.8.0+cu128,12.8,3.4.0,Not Active,Not Active,NVIDIA GeForce RTX 3050 Ti Laptop GPU,610.47,P0,1695,6001,20.17,61,NVIDIA GeForce RTX 3050 Ti Laptop GPU,610.47,P0,1695,6001,21.15,61
20261004T023022Z,4,16,8192,bf16,before,2.630574170912408,cuda_graph,20,5,50,False,False,False,f9aad145f61f4b40c364d92a93e2cf3d1d43db836065a2bfa6a71f0734d36248,7bef2a2a83b7f07f200238a02e3433a15244d9bb,True,2.8.0+cu128,12.8,3.4.0,Not Active,Not Active,NVIDIA GeForce RTX 3050 Ti Laptop GPU,610.47,P0,1695,6001,20.17,61,NVIDIA GeForce RTX 3050 Ti Laptop GPU,610.47,P0,1695,6001,21.15,61
20261004T023022Z,5,16,8192,bf16,before,2.4151299955658097,cuda_graph,20,5,50,False,False,False,f9aad145f61f4b40c364d92a93e2cf3d1d43db836065a2bfa6a71f0734d36248,7bef2a2a83b7f07f200238a02e3433a15244d9bb,True,2.8.0+cu128,12.8,3.4.0,Not Active,Not Active,NVIDIA GeForce RTX 3050 Ti Laptop GPU,610.47,P0,1695,6001,20.17,61,NVIDIA GeForce RTX 3050 Ti Laptop GPU,610.47,P0,1695,6001,21.15,61
20261004T023022Z,5,16,8192,bf16,after,2.3912526538215295,cuda_graph,20,5,50,False,False,False,7312c87b1a2c81767e01c1acceddc3b3c7ca64d6174622bbba3455445ee4bb31,7bef2a2a83b7f07f200238a02e3433a15244d9bb,True,2.8.0+cu128,12.8,3.4.0,Not Active,Not Active,NVIDIA GeForce RTX 3050 Ti Laptop GPU,610.47,P0,1695,6001,20.17,61,NVIDIA GeForce RTX 3050 Ti Laptop GPU,610.47,P0,1695,6001,21.15,61
20261004T023022Z,1,128,1024,bf16,before,1.8866561998532512,cuda_graph,20,5,50,False,False,False,f9aad145f61f4b40c364d92a93e2cf3d1d43db836065a2bfa6a71f0734d36248,7bef2a2a83b7f07f200238a02e3433a15244d9bb,True,2.8.0+cu128,12.8,3.4.0,Not Active,Not Active,NVIDIA GeForce RTX 3050 Ti Laptop GPU,610.47,P0,1695,6001,21.46,61,NVIDIA GeForce RTX 3050 Ti Laptop GPU,610.47,P0,1695,6001,21.24,61
20261004T023022Z,1,128,1024,bf16,after,1.8502127458440496,cuda_graph,20,5,50,False,False,False,7312c87b1a2c81767e01c1acceddc3b3c7ca64d6174622bbba3455445ee4bb31,7bef2a2a83b7f07f200238a02e3433a15244d9bb,True,2.8.0+cu128,12.8,3.4.0,Not Active,Not Active,NVIDIA GeForce RTX 3050 Ti Laptop GPU,610.47,P0,1695,6001,21.46,61,NVIDIA GeForce RTX 3050 Ti Laptop GPU,610.47,P0,1695,6001,21.24,61
20261004T023022Z,2,128,1024,bf16,after,1.8610073088045127,cuda_graph,20,5,50,False,False,False,7312c87b1a2c81767e01c1acceddc3b3c7ca64d6174622bbba3455445ee4bb31,7bef2a2a83b7f07f200238a02e3433a15244d9bb,True,2.8.0+cu128,12.8,3.4.0,Not Active,Not Active,NVIDIA GeForce RTX 3050 Ti Laptop GPU,610.47,P0,1695,6001,21.46,61,NVIDIA GeForce RTX 3050 Ti Laptop GPU,610.47,P0,1695,6001,21.24,61
20261004T023022Z,2,128,1024,bf16,before,1.9844458568206882,cuda_graph,20,5,50,False,False,False,f9aad145f61f4b40c364d92a93e2cf3d1d43db836065a2bfa6a71f0734d36248,7bef2a2a83b7f07f200238a02e3433a15244d9bb,True,2.8.0+cu128,12.8,3.4.0,Not Active,Not Active,NVIDIA GeForce RTX 3050 Ti Laptop GPU,610.47,P0,1695,6001,21.46,61,NVIDIA GeForce RTX 3050 Ti Laptop GPU,610.47,P0,1695,6001,21.24,61
20261004T023022Z,3,128,1024,bf16,before,1.8744406237256914,cuda_graph,20,5,50,False,False,False,f9aad145f61f4b40c364d92a93e2cf3d1d43db836065a2bfa6a71f0734d36248,7bef2a2a83b7f07f200238a02e3433a15244d9bb,True,2.8.0+cu128,12.8,3.4.0,Not Active,Not Active,NVIDIA GeForce RTX 3050 Ti Laptop GPU,610.47,P0,1695,6001,21.46,61,NVIDIA GeForce RTX 3050 Ti Laptop GPU,610.47,P0,1695,6001,21.24,61
20261004T023022Z,3,128,1024,bf16,after,1.85810629325577,cuda_graph,20,5,50,False,False,False,7312c87b1a2c81767e01c1acceddc3b3c7ca64d6174622bbba3455445ee4bb31,7bef2a2a83b7f07f200238a02e3433a15244d9bb,True,2.8.0+cu128,12.8,3.4.0,Not Active,Not Active,NVIDIA GeForce RTX 3050 Ti Laptop GPU,610.47,P0,1695,6001,21.46,61,NVIDIA GeForce RTX 3050 Ti Laptop GPU,610.47,P0,1695,6001,21.24,61
20261004T023022Z,4,128,1024,bf16,after,1.8765000360352653,cuda_graph,20,5,50,False,False,False,7312c87b1a2c81767e01c1acceddc3b3c7ca64d6174622bbba3455445ee4bb31,7bef2a2a83b7f07f200238a02e3433a15244d9bb,True,2.8.0+cu128,12.8,3.4.0,Not Active,Not Active,NVIDIA GeForce RTX 3050 Ti Laptop GPU,610.47,P0,1695,6001,21.46,61,NVIDIA GeForce RTX 3050 Ti Laptop GPU,610.47,P0,1695,6001,21.24,61
20261004T023022Z,4,128,1024,bf16,before,1.872690133725719,cuda_graph,20,5,50,False,False,False,f9aad145f61f4b40c364d92a93e2cf3d1d43db836065a2bfa6a71f0734d36248,7bef2a2a83b7f07f200238a02e3433a15244d9bb,True,2.8.0+cu128,12.8,3.4.0,Not Active,Not Active,NVIDIA GeForce RTX 3050 Ti Laptop GPU,610.47,P0,1695,6001,21.46,61,NVIDIA GeForce RTX 3050 Ti Laptop GPU,610.47,P0,1695,6001,21.24,61
20261004T023022Z,5,128,1024,bf16,before,1.8813221999918281,cuda_graph,20,5,50,False,False,False,f9aad145f61f4b40c364d92a93e2cf3d1d43db836065a2bfa6a71f0734d36248,7bef2a2a83b7f07f200238a02e3433a15244d9bb,True,2.8.0+cu128,12.8,3.4.0,Not Active,Not Active,NVIDIA GeForce RTX 3050 Ti Laptop GPU,610.47,P0,1695,6001,21.46,61,NVIDIA GeForce RTX 3050 Ti Laptop GPU,610.47,P0,1695,6001,21.24,61
20261004T023022Z,5,128,1024,bf16,after,1.860158564308272,cuda_graph,20,5,50,False,False,False,7312c87b1a2c81767e01c1acceddc3b3c7ca64d6174622bbba3455445ee4bb31,7bef2a2a83b7f07f200238a02e3433a15244d9bb,True,2.8.0+cu128,12.8,3.4.0,Not Active,Not Active,NVIDIA GeForce RTX 3050 Ti Laptop GPU,610.47,P0,1695,6001,21.46,61,NVIDIA GeForce RTX 3050 Ti Laptop GPU,610.47,P0,1695,6001,21.24,61
20261004T023022Z,1,128,4096,bf16,before,3.268490377766342,cuda_graph,20,5,50,False,False,False,f9aad145f61f4b40c364d92a93e2cf3d1d43db836065a2bfa6a71f0734d36248,7bef2a2a83b7f07f200238a02e3433a15244d9bb,True,2.8.0+cu128,12.8,3.4.0,Not Active,Not Active,NVIDIA GeForce RTX 3050 Ti Laptop GPU,610.47,P0,1695,6001,21.23,61,NVIDIA GeForce RTX 3050 Ti Laptop GPU,610.47,P0,1695,6001,24.48,61
20261004T023022Z,1,128,4096,bf16,after,3.238454786045158,cuda_graph,20,5,50,False,False,False,7312c87b1a2c81767e01c1acceddc3b3c7ca64d6174622bbba3455445ee4bb31,7bef2a2a83b7f07f200238a02e3433a15244d9bb,True,2.8.0+cu128,12.8,3.4.0,Not Active,Not Active,NVIDIA GeForce RTX 3050 Ti Laptop GPU,610.47,P0,1695,6001,21.23,61,NVIDIA GeForce RTX 3050 Ti Laptop GPU,610.47,P0,1695,6001,24.48,61
20261004T023022Z,2,128,4096,bf16,after,3.240372758612411,cuda_graph,20,5,50,False,False,False,7312c87b1a2c81767e01c1acceddc3b3c7ca64d6174622bbba3455445ee4bb31,7bef2a2a83b7f07f200238a02e3433a15244d9bb,True,2.8.0+cu128,12.8,3.4.0,Not Active,Not Active,NVIDIA GeForce RTX 3050 Ti Laptop GPU,610.47,P0,1695,6001,21.23,61,NVIDIA GeForce RTX 3050 Ti Laptop GPU,610.47,P0,1695,6001,24.48,61
20261004T023022Z,2,128,4096,bf16,before,3.2675016467590687,cuda_graph,20,5,50,False,False,False,f9aad145f61f4b40c364d92a93e2cf3d1d43db836065a2bfa6a71f0734d36248,7bef2a2a83b7f07f200238a02e3433a15244d9bb,True,2.8.0+cu128,12.8,3.4.0,Not Active,Not Active,NVIDIA GeForce RTX 3050 Ti Laptop GPU,610.47,P0,1695,6001,21.23,61,NVIDIA GeForce RTX 3050 Ti Laptop GPU,610.47,P0,1695,6001,24.48,61
20261004T023022Z,3,128,4096,bf16,before,3.2720566850847903,cuda_graph,20,5,50,False,False,False,f9aad145f61f4b40c364d92a93e2cf3d1d43db836065a2bfa6a71f0734d36248,7bef2a2a83b7f07f200238a02e3433a15244d9bb,True,2.8.0+cu128,12.8,3.4.0,Not Active,Not Active,NVIDIA GeForce RTX 3050 Ti Laptop GPU,610.47,P0,1695,6001,21.23,61,NVIDIA GeForce RTX 3050 Ti Laptop GPU,610.47,P0,1695,6001,24.48,61
20261004T023022Z,3,128,4096,bf16,after,3.233472797162363,cuda_graph,20,5,50,False,False,False,7312c87b1a2c81767e01c1acceddc3b3c7ca64d6174622bbba3455445ee4bb31,7bef2a2a83b7f07f200238a02e3433a15244d9bb,True,2.8.0+cu128,12.8,3.4.0,Not Active,Not Active,NVIDIA GeForce RTX 3050 Ti Laptop GPU,610.47,P0,1695,6001,21.23,61,NVIDIA GeForce RTX 3050 Ti Laptop GPU,610.47,P0,1695,6001,24.48,61
20261004T023022Z,4,128,4096,bf16,after,3.335129158406318,cuda_graph,20,5,50,False,False,False,7312c87b1a2c81767e01c1acceddc3b3c7ca64d6174622bbba3455445ee4bb31,7bef2a2a83b7f07f200238a02e3433a15244d9bb,True,2.8.0+cu128,12.8,3.4.0,Not Active,Not Active,NVIDIA GeForce RTX 3050 Ti Laptop GPU,610.47,P0,1695,6001,21.23,61,NVIDIA GeForce RTX 3050 Ti Laptop GPU,610.47,P0,1695,6001,24.48,61
20261004T023022Z,4,128,4096,bf16,before,3.284658246402499,cuda_graph,20,5,50,False,False,False,f9aad145f61f4b40c364d92a93e2cf3d1d43db836065a2bfa6a71f0734d36248,7bef2a2a83b7f07f200238a02e3433a15244d9bb,True,2.8.0+cu128,12.8,3.4.0,Not Active,Not Active,NVIDIA GeForce RTX 3050 Ti Laptop GPU,610.47,P0,1695,6001,21.23,61,NVIDIA GeForce RTX 3050 Ti Laptop GPU,610.47,P0,1695,6001,24.48,61
20261004T023022Z,5,128,4096,bf16,before,3.283632829127482,cuda_graph,20,5,50,False,False,False,f9aad145f61f4b40c364d92a93e2cf3d1d43db836065a2bfa6a71f0734d36248,7bef2a2a83b7f07f200238a02e3433a15244d9bb,True,2.8.0+cu128,12.8,3.4.0,Not Active,Not Active,NVIDIA GeForce RTX 3050 Ti Laptop GPU,610.47,P0,1695,6001,21.23,61,NVIDIA GeForce RTX 3050 Ti Laptop GPU,610.47,P0,1695,6001,24.48,61
20261004T023022Z,5,128,4096,bf16,after,3.219326032851405,cuda_graph,20,5,50,False,False,False,7312c87b1a2c81767e01c1acceddc3b3c7ca64d6174622bbba3455445ee4bb31,7bef2a2a83b7f07f200238a02e3433a15244d9bb,True,2.8.0+cu128,12.8,3.4.0,Not Active,Not Active,NVIDIA GeForce RTX 3050 Ti Laptop GPU,610.47,P0,1695,6001,21.23,61,NVIDIA GeForce RTX 3050 Ti Laptop GPU,610.47,P0,1695,6001,24.48,61
20261004T023022Z,1,128,8192,bf16,before,9.925140709173483,cuda_graph,20,5,50,False,False,False,f9aad145f61f4b40c364d92a93e2cf3d1d43db836065a2bfa6a71f0734d36248,7bef2a2a83b7f07f200238a02e3433a15244d9bb,True,2.8.0+cu128,12.8,3.4.0,Not Active,Not Active,NVIDIA GeForce RTX 3050 Ti Laptop GPU,610.47,P0,1695,6001,24.81,61,NVIDIA GeForce RTX 3050 Ti Laptop GPU,610.47,P0,1950,6001,48.04,66
20261004T023022Z,1,128,8192,bf16,after,4.3466824931967105,cuda_graph,20,5,50,False,False,False,7312c87b1a2c81767e01c1acceddc3b3c7ca64d6174622bbba3455445ee4bb31,7bef2a2a83b7f07f200238a02e3433a15244d9bb,True,2.8.0+cu128,12.8,3.4.0,Not Active,Not Active,NVIDIA GeForce RTX 3050 Ti Laptop GPU,610.47,P0,1695,6001,24.81,61,NVIDIA GeForce RTX 3050 Ti Laptop GPU,610.47,P0,1950,6001,48.04,66
20261004T023022Z,2,128,8192,bf16,after,4.360827449637811,cuda_graph,20,5,50,False,False,False,7312c87b1a2c81767e01c1acceddc3b3c7ca64d6174622bbba3455445ee4bb31,7bef2a2a83b7f07f200238a02e3433a15244d9bb,True,2.8.0+cu128,12.8,3.4.0,Not Active,Not Active,NVIDIA GeForce RTX 3050 Ti Laptop GPU,610.47,P0,1695,6001,24.81,61,NVIDIA GeForce RTX 3050 Ti Laptop GPU,610.47,P0,1950,6001,48.04,66
20261004T023022Z,2,128,8192,bf16,before,9.768221397502174,cuda_graph,20,5,50,False,False,False,f9aad145f61f4b40c364d92a93e2cf3d1d43db836065a2bfa6a71f0734d36248,7bef2a2a83b7f07f200238a02e3433a15244d9bb,True,2.8.0+cu128,12.8,3.4.0,Not Active,Not Active,NVIDIA GeForce RTX 3050 Ti Laptop GPU,610.47,P0,1695,6001,24.81,61,NVIDIA GeForce RTX 3050 Ti Laptop GPU,610.47,P0,1950,6001,48.04,66
20261004T023022Z,3,128,8192,bf16,before,9.751067689303436,cuda_graph,20,5,50,False,False,False,f9aad145f61f4b40c364d92a93e2cf3d1d43db836065a2bfa6a71f0734d36248,7bef2a2a83b7f07f200238a02e3433a15244d9bb,True,2.8.0+cu128,12.8,3.4.0,Not Active,Not Active,NVIDIA GeForce RTX 3050 Ti Laptop GPU,610.47,P0,1695,6001,24.81,61,NVIDIA GeForce RTX 3050 Ti Laptop GPU,610.47,P0,1950,6001,48.04,66
20261004T023022Z,3,128,8192,bf16,after,4.428652422514236,cuda_graph,20,5,50,False,False,False,7312c87b1a2c81767e01c1acceddc3b3c7ca64d6174622bbba3455445ee4bb31,7bef2a2a83b7f07f200238a02e3433a15244d9bb,True,2.8.0+cu128,12.8,3.4.0,Not Active,Not Active,NVIDIA GeForce RTX 3050 Ti Laptop GPU,610.47,P0,1695,6001,24.81,61,NVIDIA GeForce RTX 3050 Ti Laptop GPU,610.47,P0,1950,6001,48.04,66
20261004T023022Z,4,128,8192,bf16,after,4.403762445591464,cuda_graph,20,5,50,False,False,False,7312c87b1a2c81767e01c1acceddc3b3c7ca64d6174622bbba3455445ee4bb31,7bef2a2a83b7f07f200238a02e3433a15244d9bb,True,2.8.0+cu128,12.8,3.4.0,Not Active,Not Active,NVIDIA GeForce RTX 3050 Ti Laptop GPU,610.47,P0,1695,6001,24.81,61,NVIDIA GeForce RTX 3050 Ti Laptop GPU,610.47,P0,1950,6001,48.04,66
20261004T023022Z,4,128,8192,bf16,before,9.799001396896292,cuda_graph,20,5,50,False,False,False,f9aad145f61f4b40c364d92a93e2cf3d1d43db836065a2bfa6a71f0734d36248,7bef2a2a83b7f07f200238a02e3433a15244d9bb,True,2.8.0+cu128,12.8,3.4.0,Not Active,Not Active,NVIDIA GeForce RTX 3050 Ti Laptop GPU,610.47,P0,1695,6001,24.81,61,NVIDIA GeForce RTX 3050 Ti Laptop GPU,610.47,P0,1950,6001,48.04,66
20261004T023022Z,5,128,8192,bf16,before,9.756785640116037,cuda_graph,20,5,50,False,False,False,f9aad145f61f4b40c364d92a93e2cf3d1d43db836065a2bfa6a71f0734d36248,7bef2a2a83b7f07f200238a02e3433a15244d9bb,True,2.8.0+cu128,12.8,3.4.0,Not Active,Not Active,NVIDIA GeForce RTX 3050 Ti Laptop GPU,610.47,P0,1695,6001,24.81,61,NVIDIA GeForce RTX 3050 Ti Laptop GPU,610.47,P0,1950,6001,48.04,66
20261004T023022Z,5,128,8192,bf16,after,4.4173574016104995,cuda_graph,20,5,50,False,False,False,7312c87b1a2c81767e01c1acceddc3b3c7ca64d6174622bbba3455445ee4bb31,7bef2a2a83b7f07f200238a02e3433a15244d9bb,True,2.8.0+cu128,12.8,3.4.0,Not Active,Not Active,NVIDIA GeForce RTX 3050 Ti Laptop GPU,610.47,P0,1695,6001,24.81,61,NVIDIA GeForce RTX 3050 Ti Laptop GPU,610.47,P0,1950,6001,48.04,66
20261004T023022Z,1,512,1024,bf16,before,2.8313427964277005,cuda_graph,20,5,50,False,False,False,f9aad145f61f4b40c364d92a93e2cf3d1d43db836065a2bfa6a71f0734d36248,7bef2a2a83b7f07f200238a02e3433a15244d9bb,True,2.8.0+cu128,12.8,3.4.0,Not Active,Not Active,NVIDIA GeForce RTX 3050 Ti Laptop GPU,610.47,P0,1950,6001,47.65,66,NVIDIA GeForce RTX 3050 Ti Laptop GPU,610.47,P0,1950,6001,35.27,64
20261004T023022Z,1,512,1024,bf16,after,3.1754138446090243,cuda_graph,20,5,50,False,False,False,7312c87b1a2c81767e01c1acceddc3b3c7ca64d6174622bbba3455445ee4bb31,7bef2a2a83b7f07f200238a02e3433a15244d9bb,True,2.8.0+cu128,12.8,3.4.0,Not Active,Not Active,NVIDIA GeForce RTX 3050 Ti Laptop GPU,610.47,P0,1950,6001,47.65,66,NVIDIA GeForce RTX 3050 Ti Laptop GPU,610.47,P0,1950,6001,35.27,64
20261004T023022Z,2,512,1024,bf16,after,3.1908668014315116,cuda_graph,20,5,50,False,False,False,7312c87b1a2c81767e01c1acceddc3b3c7ca64d6174622bbba3455445ee4bb31,7bef2a2a83b7f07f200238a02e3433a15244d9bb,True,2.8.0+cu128,12.8,3.4.0,Not Active,Not Active,NVIDIA GeForce RTX 3050 Ti Laptop GPU,610.47,P0,1950,6001,47.65,66,NVIDIA GeForce RTX 3050 Ti Laptop GPU,610.47,P0,1950,6001,35.27,64
20261004T023022Z,2,512,1024,bf16,before,2.8068243816334717,cuda_graph,20,5,50,False,False,False,f9aad145f61f4b40c364d92a93e2cf3d1d43db836065a2bfa6a71f0734d36248,7bef2a2a83b7f07f200238a02e3433a15244d9bb,True,2.8.0+cu128,12.8,3.4.0,Not Active,Not Active,NVIDIA GeForce RTX 3050 Ti Laptop GPU,610.47,P0,1950,6001,47.65,66,NVIDIA GeForce RTX 3050 Ti Laptop GPU,610.47,P0,1950,6001,35.27,64
20261004T023022Z,3,512,1024,bf16,before,2.8154828331687236,cuda_graph,20,5,50,False,False,False,f9aad145f61f4b40c364d92a93e2cf3d1d43db836065a2bfa6a71f0734d36248,7bef2a2a83b7f07f200238a02e3433a15244d9bb,True,2.8.0+cu128,12.8,3.4.0,Not Active,Not Active,NVIDIA GeForce RTX 3050 Ti Laptop GPU,610.47,P0,1950,6001,47.65,66,NVIDIA GeForce RTX 3050 Ti Laptop GPU,610.47,P0,1950,6001,35.27,64
20261004T023022Z,3,512,1024,bf16,after,3.1871523112612583,cuda_graph,20,5,50,False,False,False,7312c87b1a2c81767e01c1acceddc3b3c7ca64d6174622bbba3455445ee4bb31,7bef2a2a83b7f07f200238a02e3433a15244d9bb,True,2.8.0+cu128,12.8,3.4.0,Not Active,Not Active,NVIDIA GeForce RTX 3050 Ti Laptop GPU,610.47,P0,1950,6001,47.65,66,NVIDIA GeForce RTX 3050 Ti Laptop GPU,610.47,P0,1950,6001,35.27,64
20261004T023022Z,4,512,1024,bf16,after,3.1512100019572693,cuda_graph,20,5,50,False,False,False,7312c87b1a2c81767e01c1acceddc3b3c7ca64d6174622bbba3455445ee4bb31,7bef2a2a83b7f07f200238a02e3433a15244d9bb,True,2.8.0+cu128,12.8,3.4.0,Not Active,Not Active,NVIDIA GeForce RTX 3050 Ti Laptop GPU,610.47,P0,1950,6001,47.65,66,NVIDIA GeForce RTX 3050 Ti Laptop GPU,610.47,P0,1950,6001,35.27,64
20261004T023022Z,4,512,1024,bf16,before,2.8352088524895183,cuda_graph,20,5,50,False,False,False,f9aad145f61f4b40c364d92a93e2cf3d1d43db836065a2bfa6a71f0734d36248,7bef2a2a83b7f07f200238a02e3433a15244d9bb,True,2.8.0+cu128,12.8,3.4.0,Not Active,Not Active,NVIDIA GeForce RTX 3050 Ti Laptop GPU,610.47,P0,1950,6001,47.65,66,NVIDIA GeForce RTX 3050 Ti Laptop GPU,610.47,P0,1950,6001,35.27,64
20261004T023022Z,5,512,1024,bf16,before,2.8048905561555104,cuda_graph,20,5,50,False,False,False,f9aad145f61f4b40c364d92a93e2cf3d1d43db836065a2bfa6a71f0734d36248,7bef2a2a83b7f07f200238a02e3433a15244d9bb,True,2.8.0+cu128,12.8,3.4.0,Not Active,Not Active,NVIDIA GeForce RTX 3050 Ti Laptop GPU,610.47,P0,1950,6001,47.65,66,NVIDIA GeForce RTX 3050 Ti Laptop GPU,610.47,P0,1950,6001,35.27,64
20261004T023022Z,5,512,1024,bf16,after,3.185779199961579,cuda_graph,20,5,50,False,False,False,7312c87b1a2c81767e01c1acceddc3b3c7ca64d6174622bbba3455445ee4bb31,7bef2a2a83b7f07f200238a02e3433a15244d9bb,True,2.8.0+cu128,12.8,3.4.0,Not Active,Not Active,NVIDIA GeForce RTX 3050 Ti Laptop GPU,610.47,P0,1950,6001,47.65,66,NVIDIA GeForce RTX 3050 Ti Laptop GPU,610.47,P0,1950,6001,35.27,64
20261004T023022Z,1,512,4096,bf16,before,23.962238426701067,cuda_graph,20,5,50,False,False,False,f9aad145f61f4b40c364d92a93e2cf3d1d43db836065a2bfa6a71f0734d36248,7bef2a2a83b7f07f200238a02e3433a15244d9bb,True,2.8.0+cu128,12.8,3.4.0,Not Active,Not Active,NVIDIA GeForce RTX 3050 Ti Laptop GPU,610.47,P0,1950,6001,36.42,64,NVIDIA GeForce RTX 3050 Ti Laptop GPU,610.47,P0,1950,6001,57.46,68
20261004T023022Z,1,512,4096,bf16,after,23.922571390427674,cuda_graph,20,5,50,False,False,False,7312c87b1a2c81767e01c1acceddc3b3c7ca64d6174622bbba3455445ee4bb31,7bef2a2a83b7f07f200238a02e3433a15244d9bb,True,2.8.0+cu128,12.8,3.4.0,Not Active,Not Active,NVIDIA GeForce RTX 3050 Ti Laptop GPU,610.47,P0,1950,6001,36.42,64,NVIDIA GeForce RTX 3050 Ti Laptop GPU,610.47,P0,1950,6001,57.46,68
20261004T023022Z,2,512,4096,bf16,after,23.906428960515385,cuda_graph,20,5,50,False,False,False,7312c87b1a2c81767e01c1acceddc3b3c7ca64d6174622bbba3455445ee4bb31,7bef2a2a83b7f07f200238a02e3433a15244d9bb,True,2.8.0+cu128,12.8,3.4.0,Not Active,Not Active,NVIDIA GeForce RTX 3050 Ti Laptop GPU,610.47,P0,1950,6001,36.42,64,NVIDIA GeForce RTX 3050 Ti Laptop GPU,610.47,P0,1950,6001,57.46,68
20261004T023022Z,2,512,4096,bf16,before,23.9471792705785,cuda_graph,20,5,50,False,False,False,f9aad145f61f4b40c364d92a93e2cf3d1d43db836065a2bfa6a71f0734d36248,7bef2a2a83b7f07f200238a02e3433a15244d9bb,True,2.8.0+cu128,12.8,3.4.0,Not Active,Not Active,NVIDIA GeForce RTX 3050 Ti Laptop GPU,610.47,P0,1950,6001,36.42,64,NVIDIA GeForce RTX 3050 Ti Laptop GPU,610.47,P0,1950,6001,57.46,68
20261004T023022Z,3,512,4096,bf16,before,23.93211052313821,cuda_graph,20,5,50,False,False,False,f9aad145f61f4b40c364d92a93e2cf3d1d43db836065a2bfa6a71f0734d36248,7bef2a2a83b7f07f200238a02e3433a15244d9bb,True,2.8.0+cu128,12.8,3.4.0,Not Active,Not Active,NVIDIA GeForce RTX 3050 Ti Laptop GPU,610.47,P0,1950,6001,36.42,64,NVIDIA GeForce RTX 3050 Ti Laptop GPU,610.47,P0,1950,6001,57.46,68
20261004T023022Z,3,512,4096,bf16,after,23.926595765717174,cuda_graph,20,5,50,False,False,False,7312c87b1a2c81767e01c1acceddc3b3c7ca64d6174622bbba3455445ee4bb31,7bef2a2a83b7f07f200238a02e3433a15244d9bb,True,2.8.0+cu128,12.8,3.4.0,Not Active,Not Active,NVIDIA GeForce RTX 3050 Ti Laptop GPU,610.47,P0,1950,6001,36.42,64,NVIDIA GeForce RTX 3050 Ti Laptop GPU,610.47,P0,1950,6001,57.46,68
20261004T023022Z,4,512,4096,bf16,after,23.956620584505306,cuda_graph,20,5,50,False,False,False,7312c87b1a2c81767e01c1acceddc3b3c7ca64d6174622bbba3455445ee4bb31,7bef2a2a83b7f07f200238a02e3433a15244d9bb,True,2.8.0+cu128,12.8,3.4.0,Not Active,Not Active,NVIDIA GeForce RTX 3050 Ti Laptop GPU,610.47,P0,1950,6001,36.42,64,NVIDIA GeForce RTX 3050 Ti Laptop GPU,610.47,P0,1950,6001,57.46,68
20261004T023022Z,4,512,4096,bf16,before,23.955202672586022,cuda_graph,20,5,50,False,False,False,f9aad145f61f4b40c364d92a93e2cf3d1d43db836065a2bfa6a71f0734d36248,7bef2a2a83b7f07f200238a02e3433a15244d9bb,True,2.8.0+cu128,12.8,3.4.0,Not Active,Not Active,NVIDIA GeForce RTX 3050 Ti Laptop GPU,610.47,P0,1950,6001,36.42,64,NVIDIA GeForce RTX 3050 Ti Laptop GPU,610.47,P0,1950,6001,57.46,68
20261004T023022Z,5,512,4096,bf16,before,23.999724404546342,cuda_graph,20,5,50,False,False,False,f9aad145f61f4b40c364d92a93e2cf3d1d43db836065a2bfa6a71f0734d36248,7bef2a2a83b7f07f200238a02e3433a15244d9bb,True,2.8.0+cu128,12.8,3.4.0,Not Active,Not Active,NVIDIA GeForce RTX 3050 Ti Laptop GPU,610.47,P0,1950,6001,36.42,64,NVIDIA GeForce RTX 3050 Ti Laptop GPU,610.47,P0,1950,6001,57.46,68
20261004T023022Z,5,512,4096,bf16,after,23.90512276498332,cuda_graph,20,5,50,False,False,False,7312c87b1a2c81767e01c1acceddc3b3c7ca64d6174622bbba3455445ee4bb31,7bef2a2a83b7f07f200238a02e3433a15244d9bb,True,2.8.0+cu128,12.8,3.4.0,Not Active,Not Active,NVIDIA GeForce RTX 3050 Ti Laptop GPU,610.47,P0,1950,6001,36.42,64,NVIDIA GeForce RTX 3050 Ti Laptop GPU,610.47,P0,1950,6001,57.46,68
20261004T023022Z,1,512,8192,bf16,before,50.17091475955432,cuda_graph,20,5,50,False,False,False,f9aad145f61f4b40c364d92a93e2cf3d1d43db836065a2bfa6a71f0734d36248,7bef2a2a83b7f07f200238a02e3433a15244d9bb,True,2.8.0+cu128,12.8,3.4.0,Not Active,Not Active,NVIDIA GeForce RTX 3050 Ti Laptop GPU,610.47,P0,1950,6001,55.90,68,NVIDIA GeForce RTX 3050 Ti Laptop GPU,610.47,P0,1935,6001,63.01,68
20261004T023022Z,1,512,8192,bf16,after,46.48530467114687,cuda_graph,20,5,50,False,False,False,7312c87b1a2c81767e01c1acceddc3b3c7ca64d6174622bbba3455445ee4bb31,7bef2a2a83b7f07f200238a02e3433a15244d9bb,True,2.8.0+cu128,12.8,3.4.0,Not Active,Not Active,NVIDIA GeForce RTX 3050 Ti Laptop GPU,610.47,P0,1950,6001,55.90,68,NVIDIA GeForce RTX 3050 Ti Laptop GPU,610.47,P0,1935,6001,63.01,68
20261004T023022Z,2,512,8192,bf16,after,46.49793355572518,cuda_graph,20,5,50,False,False,False,7312c87b1a2c81767e01c1acceddc3b3c7ca64d6174622bbba3455445ee4bb31,7bef2a2a83b7f07f200238a02e3433a15244d9bb,True,2.8.0+cu128,12.8,3.4.0,Not Active,Not Active,NVIDIA GeForce RTX 3050 Ti Laptop GPU,610.47,P0,1950,6001,55.90,68,NVIDIA GeForce RTX 3050 Ti Laptop GPU,610.47,P0,1935,6001,63.01,68
20261004T023022Z,2,512,8192,bf16,before,50.120808790871685,cuda_graph,20,5,50,False,False,False,f9aad145f61f4b40c364d92a93e2cf3d1d43db836065a2bfa6a71f0734d36248,7bef2a2a83b7f07f200238a02e3433a15244d9bb,True,2.8.0+cu128,12.8,3.4.0,Not Active,Not Active,NVIDIA GeForce RTX 3050 Ti Laptop GPU,610.47,P0,1950,6001,55.90,68,NVIDIA GeForce RTX 3050 Ti Laptop GPU,610.47,P0,1935,6001,63.01,68
20261004T023022Z,3,512,8192,bf16,before,50.12163882697162,cuda_graph,20,5,50,False,False,False,f9aad145f61f4b40c364d92a93e2cf3d1d43db836065a2bfa6a71f0734d36248,7bef2a2a83b7f07f200238a02e3433a15244d9bb,True,2.8.0+cu128,12.8,3.4.0,Not Active,Not Active,NVIDIA GeForce RTX 3050 Ti Laptop GPU,610.47,P0,1950,6001,55.90,68,NVIDIA GeForce RTX 3050 Ti Laptop GPU,610.47,P0,1935,6001,63.01,68
20261004T023022Z,3,512,8192,bf16,after,46.47203987719966,cuda_graph,20,5,50,False,False,False,7312c87b1a2c81767e01c1acceddc3b3c7ca64d6174622bbba3455445ee4bb31,7bef2a2a83b7f07f200238a02e3433a15244d9bb,True,2.8.0+cu128,12.8,3.4.0,Not Active,Not Active,NVIDIA GeForce RTX 3050 Ti Laptop GPU,610.47,P0,1950,6001,55.90,68,NVIDIA GeForce RTX 3050 Ti Laptop GPU,610.47,P0,1935,6001,63.01,68
20261004T023022Z,4,512,8192,bf16,after,46.46027754883905,cuda_graph,20,5,50,False,False,False,7312c87b1a2c81767e01c1acceddc3b3c7ca64d6174622bbba3455445ee4bb31,7bef2a2a83b7f07f200238a02e3433a15244d9bb,True,2.8.0+cu128,12.8,3.4.0,Not Active,Not Active,NVIDIA GeForce RTX 3050 Ti Laptop GPU,610.47,P0,1950,6001,55.90,68,NVIDIA GeForce RTX 3050 Ti Laptop GPU,610.47,P0,1935,6001,63.01,68
20261004T023022Z,4,512,8192,bf16,before,50.12614999664381,cuda_graph,20,5,50,False,False,False,f9aad145f61f4b40c364d92a93e2cf3d1d43db836065a2bfa6a71f0734d36248,7bef2a2a83b7f07f200238a02e3433a15244d9bb,True,2.8.0+cu128,12.8,3.4.0,Not Active,Not Active,NVIDIA GeForce RTX 3050 Ti Laptop GPU,610.47,P0,1950,6001,55.90,68,NVIDIA GeForce RTX 3050 Ti Laptop GPU,610.47,P0,1935,6001,63.01,68
20261004T023022Z,5,512,8192,bf16,before,50.13474920914636,cuda_graph,20,5,50,False,False,False,f9aad145f61f4b40c364d92a93e2cf3d1d43db836065a2bfa6a71f0734d36248,7bef2a2a83b7f07f200238a02e3433a15244d9bb,True,2.8.0+cu128,12.8,3.4.0,Not Active,Not Active,NVIDIA GeForce RTX 3050 Ti Laptop GPU,610.47,P0,1950,6001,55.90,68,NVIDIA GeForce RTX 3050 Ti Laptop GPU,610.47,P0,1935,6001,63.01,68
20261004T023022Z,5,512,8192,bf16,after,46.48031471272572,cuda_graph,20,5,50,False,False,False,7312c87b1a2c81767e01c1acceddc3b3c7ca64d6174622bbba3455445ee4bb31,7bef2a2a83b7f07f200238a02e3433a15244d9bb,True,2.8.0+cu128,12.8,3.4.0,Not Active,Not Active,NVIDIA GeForce RTX 3050 Ti Laptop GPU,610.47,P0,1950,6001,55.90,68,NVIDIA GeForce RTX 3050 Ti Laptop GPU,610.47,P0,1935,6001,63.01,68
20261004T023022Z,1,4096,1024,bf16,before,46.16895814736684,cuda_graph,20,5,50,False,False,False,f9aad145f61f4b40c364d92a93e2cf3d1d43db836065a2bfa6a71f0734d36248,7bef2a2a83b7f07f200238a02e3433a15244d9bb,True,2.8.0+cu128,12.8,3.4.0,Not Active,Not Active,NVIDIA GeForce RTX 3050 Ti Laptop GPU,610.47,P0,1935,6001,60.07,68,NVIDIA GeForce RTX 3050 Ti Laptop GPU,610.47,P0,1935,6001,68.74,69
20261004T023022Z,1,4096,1024,bf16,after,46.247145791004904,cuda_graph,20,5,50,False,False,False,7312c87b1a2c81767e01c1acceddc3b3c7ca64d6174622bbba3455445ee4bb31,7bef2a2a83b7f07f200238a02e3433a15244d9bb,True,2.8.0+cu128,12.8,3.4.0,Not Active,Not Active,NVIDIA GeForce RTX 3050 Ti Laptop GPU,610.47,P0,1935,6001,60.07,68,NVIDIA GeForce RTX 3050 Ti Laptop GPU,610.47,P0,1935,6001,68.74,69
20261004T023022Z,2,4096,1024,bf16,after,46.20049192380772,cuda_graph,20,5,50,False,False,False,7312c87b1a2c81767e01c1acceddc3b3c7ca64d6174622bbba3455445ee4bb31,7bef2a2a83b7f07f200238a02e3433a15244d9bb,True,2.8.0+cu128,12.8,3.4.0,Not Active,Not Active,NVIDIA GeForce RTX 3050 Ti Laptop GPU,610.47,P0,1935,6001,60.07,68,NVIDIA GeForce RTX 3050 Ti Laptop GPU,610.47,P0,1935,6001,68.74,69
20261004T023022Z,2,4096,1024,bf16,before,46.222222646077476,cuda_graph,20,5,50,False,False,False,f9aad145f61f4b40c364d92a93e2cf3d1d43db836065a2bfa6a71f0734d36248,7bef2a2a83b7f07f200238a02e3433a15244d9bb,True,2.8.0+cu128,12.8,3.4.0,Not Active,Not Active,NVIDIA GeForce RTX 3050 Ti Laptop GPU,610.47,P0,1935,6001,60.07,68,NVIDIA GeForce RTX 3050 Ti Laptop GPU,610.47,P0,1935,6001,68.74,69
20261004T023022Z,3,4096,1024,bf16,before,46.15813682162623,cuda_graph,20,5,50,False,False,False,f9aad145f61f4b40c364d92a93e2cf3d1d43db836065a2bfa6a71f0734d36248,7bef2a2a83b7f07f200238a02e3433a15244d9bb,True,2.8.0+cu128,12.8,3.4.0,Not Active,Not Active,NVIDIA GeForce RTX 3050 Ti Laptop GPU,610.47,P0,1935,6001,60.07,68,NVIDIA GeForce RTX 3050 Ti Laptop GPU,610.47,P0,1935,6001,68.74,69
20261004T023022Z,3,4096,1024,bf16,after,46.188372608117525,cuda_graph,20,5,50,False,False,False,7312c87b1a2c81767e01c1acceddc3b3c7ca64d6174622bbba3455445ee4bb31,7bef2a2a83b7f07f200238a02e3433a15244d9bb,True,2.8.0+cu128,12.8,3.4.0,Not Active,Not Active,NVIDIA GeForce RTX 3050 Ti Laptop GPU,610.47,P0,1935,6001,60.07,68,NVIDIA GeForce RTX 3050 Ti Laptop GPU,610.47,P0,1935,6001,68.74,69
20261004T023022Z,4,4096,1024,bf16,after,46.18797135665427,cuda_graph,20,5,50,False,False,False,7312c87b1a2c81767e01c1acceddc3b3c7ca64d6174622bbba3455445ee4bb31,7bef2a2a83b7f07f200238a02e3433a15244d9bb,True,2.8.0+cu128,12.8,3.4.0,Not Active,Not Active,NVIDIA GeForce RTX 3050 Ti Laptop GPU,610.47,P0,1935,6001,60.07,68,NVIDIA GeForce RTX 3050 Ti Laptop GPU,610.47,P0,1935,6001,68.74,69
20261004T023022Z,4,4096,1024,bf16,before,46.203200766607004,cuda_graph,20,5,50,False,False,False,f9aad145f61f4b40c364d92a93e2cf3d1d43db836065a2bfa6a71f0734d36248,7bef2a2a83b7f07f200238a02e3433a15244d9bb,True,2.8.0+cu128,12.8,3.4.0,Not Active,Not Active,NVIDIA GeForce RTX 3050 Ti Laptop GPU,610.47,P0,1935,6001,60.07,68,NVIDIA GeForce RTX 3050 Ti Laptop GPU,610.47,P0,1935,6001,68.74,69
20261004T023022Z,5,4096,1024,bf16,before,46.16228586771623,cuda_graph,20,5,50,False,False,False,f9aad145f61f4b40c364d92a93e2cf3d1d43db836065a2bfa6a71f0734d36248,7bef2a2a83b7f07f200238a02e3433a15244d9bb,True,2.8.0+cu128,12.8,3.4.0,Not Active,Not Active,NVIDIA GeForce RTX 3050 Ti Laptop GPU,610.47,P0,1935,6001,60.07,68,NVIDIA GeForce RTX 3050 Ti Laptop GPU,610.47,P0,1935,6001,68.74,69
20261004T023022Z,5,4096,1024,bf16,after,46.176937059647244,cuda_graph,20,5,50,False,False,False,7312c87b1a2c81767e01c1acceddc3b3c7ca64d6174622bbba3455445ee4bb31,7bef2a2a83b7f07f200238a02e3433a15244d9bb,True,2.8.0+cu128,12.8,3.4.0,Not Active,Not Active,NVIDIA GeForce RTX 3050 Ti Laptop GPU,610.47,P0,1935,6001,60.07,68,NVIDIA GeForce RTX 3050 Ti Laptop GPU,610.47,P0,1935,6001,68.74,69
20261004T023022Z,1,4096,4096,bf16,before,180.33798941730583,cuda_graph,20,5,50,False,False,False,f9aad145f61f4b40c364d92a93e2cf3d1d43db836065a2bfa6a71f0734d36248,7bef2a2a83b7f07f200238a02e3433a15244d9bb,True,2.8.0+cu128,12.8,3.4.0,Not Active,Not Active,NVIDIA GeForce RTX 3050 Ti Laptop GPU,610.47,P0,1935,6001,64.61,69,NVIDIA GeForce RTX 3050 Ti Laptop GPU,610.47,P0,1935,6001,67.05,74
20261004T023022Z,1,4096,4096,bf16,after,180.2968770048044,cuda_graph,20,5,50,False,False,False,7312c87b1a2c81767e01c1acceddc3b3c7ca64d6174622bbba3455445ee4bb31,7bef2a2a83b7f07f200238a02e3433a15244d9bb,True,2.8.0+cu128,12.8,3.4.0,Not Active,Not Active,NVIDIA GeForce RTX 3050 Ti Laptop GPU,610.47,P0,1935,6001,64.61,69,NVIDIA GeForce RTX 3050 Ti Laptop GPU,610.47,P0,1935,6001,67.05,74
20261004T023022Z,2,4096,4096,bf16,after,180.46878898230784,cuda_graph,20,5,50,False,False,False,7312c87b1a2c81767e01c1acceddc3b3c7ca64d6174622bbba3455445ee4bb31,7bef2a2a83b7f07f200238a02e3433a15244d9bb,True,2.8.0+cu128,12.8,3.4.0,Not Active,Not Active,NVIDIA GeForce RTX 3050 Ti Laptop GPU,610.47,P0,1935,6001,64.61,69,NVIDIA GeForce RTX 3050 Ti Laptop GPU,610.47,P0,1935,6001,67.05,74
20261004T023022Z,2,4096,4096,bf16,before,180.32829256823462,cuda_graph,20,5,50,False,False,False,f9aad145f61f4b40c364d92a93e2cf3d1d43db836065a2bfa6a71f0734d36248,7bef2a2a83b7f07f200238a02e3433a15244d9bb,True,2.8.0+cu128,12.8,3.4.0,Not Active,Not Active,NVIDIA GeForce RTX 3050 Ti Laptop GPU,610.47,P0,1935,6001,64.61,69,NVIDIA GeForce RTX 3050 Ti Laptop GPU,610.47,P0,1935,6001,67.05,74
20261004T023022Z,3,4096,4096,bf16,before,180.3319750040987,cuda_graph,20,5,50,False,False,False,f9aad145f61f4b40c364d92a93e2cf3d1d43db836065a2bfa6a71f0734d36248,7bef2a2a83b7f07f200238a02e3433a15244d9bb,True,2.8.0+cu128,12.8,3.4.0,Not Active,Not Active,NVIDIA GeForce RTX 3050 Ti Laptop GPU,610.47,P0,1935,6001,64.61,69,NVIDIA GeForce RTX 3050 Ti Laptop GPU,610.47,P0,1935,6001,67.05,74
20261004T023022Z,3,4096,4096,bf16,after,180.29874258667883,cuda_graph,20,5,50,False,False,False,7312c87b1a2c81767e01c1acceddc3b3c7ca64d6174622bbba3455445ee4bb31,7bef2a2a83b7f07f200238a02e3433a15244d9bb,True,2.8.0+cu128,12.8,3.4.0,Not Active,Not Active,NVIDIA GeForce RTX 3050 Ti Laptop GPU,610.47,P0,1935,6001,64.61,69,NVIDIA GeForce RTX 3050 Ti Laptop GPU,610.47,P0,1935,6001,67.05,74
20261004T023022Z,4,4096,4096,bf16,after,180.48815066448313,cuda_graph,20,5,50,False,False,False,7312c87b1a2c81767e01c1acceddc3b3c7ca64d6174622bbba3455445ee4bb31,7bef2a2a83b7f07f200238a02e3433a15244d9bb,True,2.8.0+cu128,12.8,3.4.0,Not Active,Not Active,NVIDIA GeForce RTX 3050 Ti Laptop GPU,610.47,P0,1935,6001,64.61,69,NVIDIA GeForce RTX 3050 Ti Laptop GPU,610.47,P0,1935,6001,67.05,74
20261004T023022Z,4,4096,4096,bf16,before,180.272171967221,cuda_graph,20,5,50,False,False,False,f9aad145f61f4b40c364d92a93e2cf3d1d43db836065a2bfa6a71f0734d36248,7bef2a2a83b7f07f200238a02e3433a15244d9bb,True,2.8.0+cu128,12.8,3.4.0,Not Active,Not Active,NVIDIA GeForce RTX 3050 Ti Laptop GPU,610.47,P0,1935,6001,64.61,69,NVIDIA GeForce RTX 3050 Ti Laptop GPU,610.47,P0,1935,6001,67.05,74
20261004T023022Z,5,4096,4096,bf16,before,180.31929879292954,cuda_graph,20,5,50,False,False,False,f9aad145f61f4b40c364d92a93e2cf3d1d43db836065a2bfa6a71f0734d36248,7bef2a2a83b7f07f200238a02e3433a15244d9bb,True,2.8.0+cu128,12.8,3.4.0,Not Active,Not Active,NVIDIA GeForce RTX 3050 Ti Laptop GPU,610.47,P0,1935,6001,64.61,69,NVIDIA GeForce RTX 3050 Ti Laptop GPU,610.47,P0,1935,6001,67.05,74
20261004T023022Z,5,4096,4096,bf16,after,180.33611687430502,cuda_graph,20,5,50,False,False,False,7312c87b1a2c81767e01c1acceddc3b3c7ca64d6174622bbba3455445ee4bb31,7bef2a2a83b7f07f200238a02e3433a15244d9bb,True,2.8.0+cu128,12.8,3.4.0,Not Active,Not Active,NVIDIA GeForce RTX 3050 Ti Laptop GPU,610.47,P0,1935,6001,64.61,69,NVIDIA GeForce RTX 3050 Ti Laptop GPU,610.47,P0,1935,6001,67.05,74
20261004T023022Z,1,4096,8192,bf16,before,390.07143336018237,cuda_graph,20,5,50,False,False,False,f9aad145f61f4b40c364d92a93e2cf3d1d43db836065a2bfa6a71f0734d36248,7bef2a2a83b7f07f200238a02e3433a15244d9bb,True,2.8.0+cu128,12.8,3.4.0,Not Active,Not Active,NVIDIA GeForce RTX 3050 Ti Laptop GPU,610.47,P0,1935,6001,66.25,74,NVIDIA GeForce RTX 3050 Ti Laptop GPU,610.47,P0,1935,6001,66.44,74
20261004T023022Z,1,4096,8192,bf16,after,359.4722333161727,cuda_graph,20,5,50,False,False,False,7312c87b1a2c81767e01c1acceddc3b3c7ca64d6174622bbba3455445ee4bb31,7bef2a2a83b7f07f200238a02e3433a15244d9bb,True,2.8.0+cu128,12.8,3.4.0,Not Active,Not Active,NVIDIA GeForce RTX 3050 Ti Laptop GPU,610.47,P0,1935,6001,66.25,74,NVIDIA GeForce RTX 3050 Ti Laptop GPU,610.47,P0,1935,6001,66.44,74
20261004T023022Z,2,4096,8192,bf16,after,359.43083832229394,cuda_graph,20,5,50,False,False,False,7312c87b1a2c81767e01c1acceddc3b3c7ca64d6174622bbba3455445ee4bb31,7bef2a2a83b7f07f200238a02e3433a15244d9bb,True,2.8.0+cu128,12.8,3.4.0,Not Active,Not Active,NVIDIA GeForce RTX 3050 Ti Laptop GPU,610.47,P0,1935,6001,66.25,74,NVIDIA GeForce RTX 3050 Ti Laptop GPU,610.47,P0,1935,6001,66.44,74
20261004T023022Z,2,4096,8192,bf16,before,390.09876701775505,cuda_graph,20,5,50,False,False,False,f9aad145f61f4b40c364d92a93e2cf3d1d43db836065a2bfa6a71f0734d36248,7bef2a2a83b7f07f200238a02e3433a15244d9bb,True,2.8.0+cu128,12.8,3.4.0,Not Active,Not Active,NVIDIA GeForce RTX 3050 Ti Laptop GPU,610.47,P0,1935,6001,66.25,74,NVIDIA GeForce RTX 3050 Ti Laptop GPU,610.47,P0,1935,6001,66.44,74
20261004T023022Z,3,4096,8192,bf16,before,390.1841922069159,cuda_graph,20,5,50,False,False,False,f9aad145f61f4b40c364d92a93e2cf3d1d43db836065a2bfa6a71f0734d36248,7bef2a2a83b7f07f200238a02e3433a15244d9bb,True,2.8.0+cu128,12.8,3.4.0,Not Active,Not Active,NVIDIA GeForce RTX 3050 Ti Laptop GPU,610.47,P0,1935,6001,66.25,74,NVIDIA GeForce RTX 3050 Ti Laptop GPU,610.47,P0,1935,6001,66.44,74
20261004T023022Z,3,4096,8192,bf16,after,359.63791004125625,cuda_graph,20,5,50,False,False,False,7312c87b1a2c81767e01c1acceddc3b3c7ca64d6174622bbba3455445ee4bb31,7bef2a2a83b7f07f200238a02e3433a15244d9bb,True,2.8.0+cu128,12.8,3.4.0,Not Active,Not Active,NVIDIA GeForce RTX 3050 Ti Laptop GPU,610.47,P0,1935,6001,66.25,74,NVIDIA GeForce RTX 3050 Ti Laptop GPU,610.47,P0,1935,6001,66.44,74
20261004T023022Z,4,4096,8192,bf16,after,359.40069392107534,cuda_graph,20,5,50,False,False,False,7312c87b1a2c81767e01c1acceddc3b3c7ca64d6174622bbba3455445ee4bb31,7bef2a2a83b7f07f200238a02e3433a15244d9bb,True,2.8.0+cu128,12.8,3.4.0,Not Active,Not Active,NVIDIA GeForce RTX 3050 Ti Laptop GPU,610.47,P0,1935,6001,66.25,74,NVIDIA GeForce RTX 3050 Ti Laptop GPU,610.47,P0,1935,6001,66.44,74
20261004T023022Z,4,4096,8192,bf16,before,390.0714333601824,cuda_graph,20,5,50,False,False,False,f9aad145f61f4b40c364d92a93e2cf3d1d43db836065a2bfa6a71f0734d36248,7bef2a2a83b7f07f200238a02e3433a15244d9bb,True,2.8.0+cu128,12.8,3.4.0,Not Active,Not Active,NVIDIA GeForce RTX 3050 Ti Laptop GPU,610.47,P0,1935,6001,66.25,74,NVIDIA GeForce RTX 3050 Ti Laptop GPU,610.47,P0,1935,6001,66.44,74
20261004T023022Z,5,4096,8192,bf16,before,390.0622420423613,cuda_graph,20,5,50,False,False,False,f9aad145f61f4b40c364d92a93e2cf3d1d43db836065a2bfa6a71f0734d36248,7bef2a2a83b7f07f200238a02e3433a15244d9bb,True,2.8.0+cu128,12.8,3.4.0,Not Active,Not Active,NVIDIA GeForce RTX 3050 Ti Laptop GPU,610.47,P0,1935,6001,66.25,74,NVIDIA GeForce RTX 3050 Ti Laptop GPU,610.47,P0,1935,6001,66.44,74
20261004T023022Z,5,4096,8192,bf16,after,359.3936173812203,cuda_graph,20,5,50,False,False,False,7312c87b1a2c81767e01c1acceddc3b3c7ca64d6174622bbba3455445ee4bb31,7bef2a2a83b7f07f200238a02e3433a15244d9bb,True,2.8.0+cu128,12.8,3.4.0,Not Active,Not Active,NVIDIA GeForce RTX 3050 Ti Laptop GPU,610.47,P0,1935,6001,66.25,74,NVIDIA GeForce RTX 3050 Ti Laptop GPU,610.47,P0,1935,6001,66.44,74
