timestamp_utc,repeat,gpu,driver,pstate_before,sm_clock_before_mhz,memory_clock_before_mhz,power_before_w,temperature_before_c,torch,cuda,triton,rows,hidden_size,dtype,backend,median_us,pstate_after,sm_clock_after_mhz,memory_clock_after_mhz,power_after_w,temperature_after_c
20260928T124252Z,1,NVIDIA GeForce RTX 3050 Ti Laptop GPU,610.47,P0,1695,6001,18.93,61,2.8.0+cu128,12.8,3.4.0,512,1024,fp16,torch,119.62206489161443,P0,1942,6001,54.42,67
20260928T124252Z,2,NVIDIA GeForce RTX 3050 Ti Laptop GPU,610.47,P0,1695,6001,18.93,61,2.8.0+cu128,12.8,3.4.0,512,1024,fp16,torch,116.65871999796154,P0,1942,6001,54.42,67
20260928T124252Z,3,NVIDIA GeForce RTX 3050 Ti Laptop GPU,610.47,P0,1695,6001,18.93,61,2.8.0+cu128,12.8,3.4.0,512,1024,fp16,torch,116.6706912371577,P0,1942,6001,54.42,67
20260928T124252Z,1,NVIDIA GeForce RTX 3050 Ti Laptop GPU,610.47,P0,1695,6001,18.93,61,2.8.0+cu128,12.8,3.4.0,512,1024,fp16,triton,6.374273504417457,P0,1942,6001,54.42,67
20260928T124252Z,2,NVIDIA GeForce RTX 3050 Ti Laptop GPU,610.47,P0,1695,6001,18.93,61,2.8.0+cu128,12.8,3.4.0,512,1024,fp16,triton,6.3720081245922895,P0,1942,6001,54.42,67
20260928T124252Z,3,NVIDIA GeForce RTX 3050 Ti Laptop GPU,610.47,P0,1695,6001,18.93,61,2.8.0+cu128,12.8,3.4.0,512,1024,fp16,triton,6.346105134975144,P0,1942,6001,54.42,67
20260928T124252Z,1,NVIDIA GeForce RTX 3050 Ti Laptop GPU,610.47,P0,1695,6001,18.93,61,2.8.0+cu128,12.8,3.4.0,512,1024,bf16,torch,116.34354024206489,P0,1942,6001,54.42,67
20260928T124252Z,2,NVIDIA GeForce RTX 3050 Ti Laptop GPU,610.47,P0,1695,6001,18.93,61,2.8.0+cu128,12.8,3.4.0,512,1024,bf16,torch,116.42319493039825,P0,1942,6001,54.42,67
20260928T124252Z,3,NVIDIA GeForce RTX 3050 Ti Laptop GPU,610.47,P0,1695,6001,18.93,61,2.8.0+cu128,12.8,3.4.0,512,1024,bf16,torch,116.86672555639387,P0,1942,6001,54.42,67
20260928T124252Z,1,NVIDIA GeForce RTX 3050 Ti Laptop GPU,610.47,P0,1695,6001,18.93,61,2.8.0+cu128,12.8,3.4.0,512,1024,bf16,triton,6.522584695082444,P0,1942,6001,54.42,67
20260928T124252Z,2,NVIDIA GeForce RTX 3050 Ti Laptop GPU,610.47,P0,1695,6001,18.93,61,2.8.0+cu128,12.8,3.4.0,512,1024,bf16,triton,6.518489553100301,P0,1942,6001,54.42,67
20260928T124252Z,3,NVIDIA GeForce RTX 3050 Ti Laptop GPU,610.47,P0,1695,6001,18.93,61,2.8.0+cu128,12.8,3.4.0,512,1024,bf16,triton,6.5182498198073695,P0,1942,6001,54.42,67
20260928T124252Z,1,NVIDIA GeForce RTX 3050 Ti Laptop GPU,610.47,P0,1695,6001,18.93,61,2.8.0+cu128,12.8,3.4.0,512,1024,fp32,torch,76.80707214945586,P0,1942,6001,54.42,67
20260928T124252Z,2,NVIDIA GeForce RTX 3050 Ti Laptop GPU,610.47,P0,1695,6001,18.93,61,2.8.0+cu128,12.8,3.4.0,512,1024,fp32,torch,76.83946387085392,P0,1942,6001,54.42,67
20260928T124252Z,3,NVIDIA GeForce RTX 3050 Ti Laptop GPU,610.47,P0,1695,6001,18.93,61,2.8.0+cu128,12.8,3.4.0,512,1024,fp32,torch,76.80847000901717,P0,1942,6001,54.42,67
20260928T124252Z,1,NVIDIA GeForce RTX 3050 Ti Laptop GPU,610.47,P0,1695,6001,18.93,61,2.8.0+cu128,12.8,3.4.0,512,1024,fp32,triton,23.425744701397385,P0,1942,6001,54.42,67
20260928T124252Z,2,NVIDIA GeForce RTX 3050 Ti Laptop GPU,610.47,P0,1695,6001,18.93,61,2.8.0+cu128,12.8,3.4.0,512,1024,fp32,triton,23.61541077393862,P0,1942,6001,54.42,67
20260928T124252Z,3,NVIDIA GeForce RTX 3050 Ti Laptop GPU,610.47,P0,1695,6001,18.93,61,2.8.0+cu128,12.8,3.4.0,512,1024,fp32,triton,23.71087063532141,P0,1942,6001,54.42,67
