gpu,driver,torch,cuda,triton,rows,hidden_size,dtype,backend,median_us
NVIDIA GeForce RTX 3050 Ti Laptop GPU,610.47,2.8.0+cu128,12.8,3.4.0,1,1024,fp16,torch,36.03761237964295
NVIDIA GeForce RTX 3050 Ti Laptop GPU,610.47,2.8.0+cu128,12.8,3.4.0,1,1024,fp16,triton,2.8658018419483464
NVIDIA GeForce RTX 3050 Ti Laptop GPU,610.47,2.8.0+cu128,12.8,3.4.0,1,1024,bf16,torch,35.39742251573983
NVIDIA GeForce RTX 3050 Ti Laptop GPU,610.47,2.8.0+cu128,12.8,3.4.0,1,1024,bf16,triton,1.361012710297661
NVIDIA GeForce RTX 3050 Ti Laptop GPU,610.47,2.8.0+cu128,12.8,3.4.0,1,1024,fp32,torch,19.297415176324087
NVIDIA GeForce RTX 3050 Ti Laptop GPU,610.47,2.8.0+cu128,12.8,3.4.0,1,1024,fp32,triton,1.402059059102827
NVIDIA GeForce RTX 3050 Ti Laptop GPU,610.47,2.8.0+cu128,12.8,3.4.0,16,1024,fp16,torch,38.516772420782786
NVIDIA GeForce RTX 3050 Ti Laptop GPU,610.47,2.8.0+cu128,12.8,3.4.0,16,1024,fp16,triton,1.4463999619086583
NVIDIA GeForce RTX 3050 Ti Laptop GPU,610.47,2.8.0+cu128,12.8,3.4.0,16,1024,bf16,torch,41.37142854077476
NVIDIA GeForce RTX 3050 Ti Laptop GPU,610.47,2.8.0+cu128,12.8,3.4.0,16,1024,bf16,triton,1.6027826329936152
NVIDIA GeForce RTX 3050 Ti Laptop GPU,610.47,2.8.0+cu128,12.8,3.4.0,16,1024,fp32,torch,28.73426997983778
NVIDIA GeForce RTX 3050 Ti Laptop GPU,610.47,2.8.0+cu128,12.8,3.4.0,16,1024,fp32,triton,1.5337739301764446
NVIDIA GeForce RTX 3050 Ti Laptop GPU,610.47,2.8.0+cu128,12.8,3.4.0,128,1024,fp16,torch,61.63200073772006
NVIDIA GeForce RTX 3050 Ti Laptop GPU,610.47,2.8.0+cu128,12.8,3.4.0,128,1024,fp16,triton,4.6422040204250905
NVIDIA GeForce RTX 3050 Ti Laptop GPU,610.47,2.8.0+cu128,12.8,3.4.0,128,1024,bf16,torch,59.771587108743596
NVIDIA GeForce RTX 3050 Ti Laptop GPU,610.47,2.8.0+cu128,12.8,3.4.0,128,1024,bf16,triton,4.591004235121225
NVIDIA GeForce RTX 3050 Ti Laptop GPU,610.47,2.8.0+cu128,12.8,3.4.0,128,1024,fp32,torch,31.34370933879506
NVIDIA GeForce RTX 3050 Ti Laptop GPU,610.47,2.8.0+cu128,12.8,3.4.0,128,1024,fp32,triton,5.473785390158067
NVIDIA GeForce RTX 3050 Ti Laptop GPU,610.47,2.8.0+cu128,12.8,3.4.0,512,1024,fp16,torch,328.7113053458077
NVIDIA GeForce RTX 3050 Ti Laptop GPU,610.47,2.8.0+cu128,12.8,3.4.0,512,1024,fp16,triton,13.205977375843656
NVIDIA GeForce RTX 3050 Ti Laptop GPU,610.47,2.8.0+cu128,12.8,3.4.0,512,1024,bf16,torch,327.4543729879088
NVIDIA GeForce RTX 3050 Ti Laptop GPU,610.47,2.8.0+cu128,12.8,3.4.0,512,1024,bf16,triton,13.399812120715607
NVIDIA GeForce RTX 3050 Ti Laptop GPU,610.47,2.8.0+cu128,12.8,3.4.0,512,1024,fp32,torch,231.82706629976312
NVIDIA GeForce RTX 3050 Ti Laptop GPU,610.47,2.8.0+cu128,12.8,3.4.0,512,1024,fp32,triton,65.006791443384
