timestamp_utc,repeat,gpu_before,driver_before,pstate_before,sm_clock_mhz_before,memory_clock_mhz_before,power_w_before,temperature_c_before,torch,cuda,triton,rows,hidden_size,input_width,dtype,backend,measurement,median_us,warmup,runs,rep_ms,kernel_source_sha256,source_revision,dirty,gpu_after,driver_after,pstate_after,sm_clock_mhz_after,memory_clock_mhz_after,power_w_after,temperature_c_after
20261003T101637Z,1,NVIDIA GeForce RTX 3050 Ti Laptop GPU,610.47,P0,1725,6001,80.01,76,2.8.0+cu128,12.8,3.4.0,1,1024,2048,bf16,torch,cuda_graph,12.021551326829558,20,5,50,473dd88968fee9937f9023fbb47b6cd74bf7c07fd7ecb4d65cc6c924c1751fd9,168cdc8f230bc2137e7a1ee67b6b597203fbf4fd,True,NVIDIA GeForce RTX 3050 Ti Laptop GPU,610.47,P0,1935,6001,73.50,75
20261003T101637Z,1,NVIDIA GeForce RTX 3050 Ti Laptop GPU,610.47,P0,1725,6001,80.01,76,2.8.0+cu128,12.8,3.4.0,1,1024,2048,bf16,triton,cuda_graph,2.739451095169666,20,5,50,473dd88968fee9937f9023fbb47b6cd74bf7c07fd7ecb4d65cc6c924c1751fd9,168cdc8f230bc2137e7a1ee67b6b597203fbf4fd,True,NVIDIA GeForce RTX 3050 Ti Laptop GPU,610.47,P0,1935,6001,73.50,75
20261003T101637Z,2,NVIDIA GeForce RTX 3050 Ti Laptop GPU,610.47,P0,1725,6001,80.01,76,2.8.0+cu128,12.8,3.4.0,1,1024,2048,bf16,triton,cuda_graph,2.7002209994062105,20,5,50,473dd88968fee9937f9023fbb47b6cd74bf7c07fd7ecb4d65cc6c924c1751fd9,168cdc8f230bc2137e7a1ee67b6b597203fbf4fd,True,NVIDIA GeForce RTX 3050 Ti Laptop GPU,610.47,P0,1935,6001,73.50,75
20261003T101637Z,2,NVIDIA GeForce RTX 3050 Ti Laptop GPU,610.47,P0,1725,6001,80.01,76,2.8.0+cu128,12.8,3.4.0,1,1024,2048,bf16,torch,cuda_graph,12.402733500932111,20,5,50,473dd88968fee9937f9023fbb47b6cd74bf7c07fd7ecb4d65cc6c924c1751fd9,168cdc8f230bc2137e7a1ee67b6b597203fbf4fd,True,NVIDIA GeForce RTX 3050 Ti Laptop GPU,610.47,P0,1935,6001,73.50,75
20261003T101637Z,3,NVIDIA GeForce RTX 3050 Ti Laptop GPU,610.47,P0,1725,6001,80.01,76,2.8.0+cu128,12.8,3.4.0,1,1024,2048,bf16,torch,cuda_graph,11.745280027389526,20,5,50,473dd88968fee9937f9023fbb47b6cd74bf7c07fd7ecb4d65cc6c924c1751fd9,168cdc8f230bc2137e7a1ee67b6b597203fbf4fd,True,NVIDIA GeForce RTX 3050 Ti Laptop GPU,610.47,P0,1935,6001,73.50,75
20261003T101637Z,3,NVIDIA GeForce RTX 3050 Ti Laptop GPU,610.47,P0,1725,6001,80.01,76,2.8.0+cu128,12.8,3.4.0,1,1024,2048,bf16,triton,cuda_graph,2.724250605829378,20,5,50,473dd88968fee9937f9023fbb47b6cd74bf7c07fd7ecb4d65cc6c924c1751fd9,168cdc8f230bc2137e7a1ee67b6b597203fbf4fd,True,NVIDIA GeForce RTX 3050 Ti Laptop GPU,610.47,P0,1935,6001,73.50,75
20261003T101637Z,4,NVIDIA GeForce RTX 3050 Ti Laptop GPU,610.47,P0,1725,6001,80.01,76,2.8.0+cu128,12.8,3.4.0,1,1024,2048,bf16,triton,cuda_graph,2.7161599695682526,20,5,50,473dd88968fee9937f9023fbb47b6cd74bf7c07fd7ecb4d65cc6c924c1751fd9,168cdc8f230bc2137e7a1ee67b6b597203fbf4fd,True,NVIDIA GeForce RTX 3050 Ti Laptop GPU,610.47,P0,1935,6001,73.50,75
20261003T101637Z,4,NVIDIA GeForce RTX 3050 Ti Laptop GPU,610.47,P0,1725,6001,80.01,76,2.8.0+cu128,12.8,3.4.0,1,1024,2048,bf16,torch,cuda_graph,12.004710090947029,20,5,50,473dd88968fee9937f9023fbb47b6cd74bf7c07fd7ecb4d65cc6c924c1751fd9,168cdc8f230bc2137e7a1ee67b6b597203fbf4fd,True,NVIDIA GeForce RTX 3050 Ti Laptop GPU,610.47,P0,1935,6001,73.50,75
20261003T101637Z,5,NVIDIA GeForce RTX 3050 Ti Laptop GPU,610.47,P0,1725,6001,80.01,76,2.8.0+cu128,12.8,3.4.0,1,1024,2048,bf16,torch,cuda_graph,11.765708276374856,20,5,50,473dd88968fee9937f9023fbb47b6cd74bf7c07fd7ecb4d65cc6c924c1751fd9,168cdc8f230bc2137e7a1ee67b6b597203fbf4fd,True,NVIDIA GeForce RTX 3050 Ti Laptop GPU,610.47,P0,1935,6001,73.50,75
20261003T101637Z,5,NVIDIA GeForce RTX 3050 Ti Laptop GPU,610.47,P0,1725,6001,80.01,76,2.8.0+cu128,12.8,3.4.0,1,1024,2048,bf16,triton,cuda_graph,2.6717365271455096,20,5,50,473dd88968fee9937f9023fbb47b6cd74bf7c07fd7ecb4d65cc6c924c1751fd9,168cdc8f230bc2137e7a1ee67b6b597203fbf4fd,True,NVIDIA GeForce RTX 3050 Ti Laptop GPU,610.47,P0,1935,6001,73.50,75
20261003T101637Z,1,NVIDIA GeForce RTX 3050 Ti Laptop GPU,610.47,P0,1935,6001,74.10,75,2.8.0+cu128,12.8,3.4.0,1,4096,8192,bf16,torch,cuda_graph,12.043815392714281,20,5,50,473dd88968fee9937f9023fbb47b6cd74bf7c07fd7ecb4d65cc6c924c1751fd9,168cdc8f230bc2137e7a1ee67b6b597203fbf4fd,True,NVIDIA GeForce RTX 3050 Ti Laptop GPU,610.47,P0,1747,6001,72.39,77
20261003T101637Z,1,NVIDIA GeForce RTX 3050 Ti Laptop GPU,610.47,P0,1935,6001,74.10,75,2.8.0+cu128,12.8,3.4.0,1,4096,8192,bf16,triton,cuda_graph,2.6723341849255133,20,5,50,473dd88968fee9937f9023fbb47b6cd74bf7c07fd7ecb4d65cc6c924c1751fd9,168cdc8f230bc2137e7a1ee67b6b597203fbf4fd,True,NVIDIA GeForce RTX 3050 Ti Laptop GPU,610.47,P0,1747,6001,72.39,77
20261003T101637Z,2,NVIDIA GeForce RTX 3050 Ti Laptop GPU,610.47,P0,1935,6001,74.10,75,2.8.0+cu128,12.8,3.4.0,1,4096,8192,bf16,triton,cuda_graph,2.738481280447423,20,5,50,473dd88968fee9937f9023fbb47b6cd74bf7c07fd7ecb4d65cc6c924c1751fd9,168cdc8f230bc2137e7a1ee67b6b597203fbf4fd,True,NVIDIA GeForce RTX 3050 Ti Laptop GPU,610.47,P0,1747,6001,72.39,77
20261003T101637Z,2,NVIDIA GeForce RTX 3050 Ti Laptop GPU,610.47,P0,1935,6001,74.10,75,2.8.0+cu128,12.8,3.4.0,1,4096,8192,bf16,torch,cuda_graph,12.000159244632247,20,5,50,473dd88968fee9937f9023fbb47b6cd74bf7c07fd7ecb4d65cc6c924c1751fd9,168cdc8f230bc2137e7a1ee67b6b597203fbf4fd,True,NVIDIA GeForce RTX 3050 Ti Laptop GPU,610.47,P0,1747,6001,72.39,77
20261003T101637Z,3,NVIDIA GeForce RTX 3050 Ti Laptop GPU,610.47,P0,1935,6001,74.10,75,2.8.0+cu128,12.8,3.4.0,1,4096,8192,bf16,torch,cuda_graph,13.718905574397036,20,5,50,473dd88968fee9937f9023fbb47b6cd74bf7c07fd7ecb4d65cc6c924c1751fd9,168cdc8f230bc2137e7a1ee67b6b597203fbf4fd,True,NVIDIA GeForce RTX 3050 Ti Laptop GPU,610.47,P0,1747,6001,72.39,77
20261003T101637Z,3,NVIDIA GeForce RTX 3050 Ti Laptop GPU,610.47,P0,1935,6001,74.10,75,2.8.0+cu128,12.8,3.4.0,1,4096,8192,bf16,triton,cuda_graph,2.7029008162050348,20,5,50,473dd88968fee9937f9023fbb47b6cd74bf7c07fd7ecb4d65cc6c924c1751fd9,168cdc8f230bc2137e7a1ee67b6b597203fbf4fd,True,NVIDIA GeForce RTX 3050 Ti Laptop GPU,610.47,P0,1747,6001,72.39,77
20261003T101637Z,4,NVIDIA GeForce RTX 3050 Ti Laptop GPU,610.47,P0,1935,6001,74.10,75,2.8.0+cu128,12.8,3.4.0,1,4096,8192,bf16,triton,cuda_graph,2.6871338529397564,20,5,50,473dd88968fee9937f9023fbb47b6cd74bf7c07fd7ecb4d65cc6c924c1751fd9,168cdc8f230bc2137e7a1ee67b6b597203fbf4fd,True,NVIDIA GeForce RTX 3050 Ti Laptop GPU,610.47,P0,1747,6001,72.39,77
20261003T101637Z,4,NVIDIA GeForce RTX 3050 Ti Laptop GPU,610.47,P0,1935,6001,74.10,75,2.8.0+cu128,12.8,3.4.0,1,4096,8192,bf16,torch,cuda_graph,13.515999540686607,20,5,50,473dd88968fee9937f9023fbb47b6cd74bf7c07fd7ecb4d65cc6c924c1751fd9,168cdc8f230bc2137e7a1ee67b6b597203fbf4fd,True,NVIDIA GeForce RTX 3050 Ti Laptop GPU,610.47,P0,1747,6001,72.39,77
20261003T101637Z,5,NVIDIA GeForce RTX 3050 Ti Laptop GPU,610.47,P0,1935,6001,74.10,75,2.8.0+cu128,12.8,3.4.0,1,4096,8192,bf16,torch,cuda_graph,12.158050754953763,20,5,50,473dd88968fee9937f9023fbb47b6cd74bf7c07fd7ecb4d65cc6c924c1751fd9,168cdc8f230bc2137e7a1ee67b6b597203fbf4fd,True,NVIDIA GeForce RTX 3050 Ti Laptop GPU,610.47,P0,1747,6001,72.39,77
20261003T101637Z,5,NVIDIA GeForce RTX 3050 Ti Laptop GPU,610.47,P0,1935,6001,74.10,75,2.8.0+cu128,12.8,3.4.0,1,4096,8192,bf16,triton,cuda_graph,2.757990154726752,20,5,50,473dd88968fee9937f9023fbb47b6cd74bf7c07fd7ecb4d65cc6c924c1751fd9,168cdc8f230bc2137e7a1ee67b6b597203fbf4fd,True,NVIDIA GeForce RTX 3050 Ti Laptop GPU,610.47,P0,1747,6001,72.39,77
20261003T101637Z,1,NVIDIA GeForce RTX 3050 Ti Laptop GPU,610.47,P0,1747,6001,72.46,77,2.8.0+cu128,12.8,3.4.0,1,8192,16384,bf16,torch,cuda_graph,12.180348543020395,20,5,50,473dd88968fee9937f9023fbb47b6cd74bf7c07fd7ecb4d65cc6c924c1751fd9,168cdc8f230bc2137e7a1ee67b6b597203fbf4fd,True,NVIDIA GeForce RTX 3050 Ti Laptop GPU,610.47,P0,1920,6001,74.82,77
20261003T101637Z,1,NVIDIA GeForce RTX 3050 Ti Laptop GPU,610.47,P0,1747,6001,72.46,77,2.8.0+cu128,12.8,3.4.0,1,8192,16384,bf16,triton,cuda_graph,2.7319216260723036,20,5,50,473dd88968fee9937f9023fbb47b6cd74bf7c07fd7ecb4d65cc6c924c1751fd9,168cdc8f230bc2137e7a1ee67b6b597203fbf4fd,True,NVIDIA GeForce RTX 3050 Ti Laptop GPU,610.47,P0,1920,6001,74.82,77
20261003T101637Z,2,NVIDIA GeForce RTX 3050 Ti Laptop GPU,610.47,P0,1747,6001,72.46,77,2.8.0+cu128,12.8,3.4.0,1,8192,16384,bf16,triton,cuda_graph,2.7255721353179783,20,5,50,473dd88968fee9937f9023fbb47b6cd74bf7c07fd7ecb4d65cc6c924c1751fd9,168cdc8f230bc2137e7a1ee67b6b597203fbf4fd,True,NVIDIA GeForce RTX 3050 Ti Laptop GPU,610.47,P0,1920,6001,74.82,77
20261003T101637Z,2,NVIDIA GeForce RTX 3050 Ti Laptop GPU,610.47,P0,1747,6001,72.46,77,2.8.0+cu128,12.8,3.4.0,1,8192,16384,bf16,torch,cuda_graph,12.194436213691828,20,5,50,473dd88968fee9937f9023fbb47b6cd74bf7c07fd7ecb4d65cc6c924c1751fd9,168cdc8f230bc2137e7a1ee67b6b597203fbf4fd,True,NVIDIA GeForce RTX 3050 Ti Laptop GPU,610.47,P0,1920,6001,74.82,77
20261003T101637Z,3,NVIDIA GeForce RTX 3050 Ti Laptop GPU,610.47,P0,1747,6001,72.46,77,2.8.0+cu128,12.8,3.4.0,1,8192,16384,bf16,torch,cuda_graph,12.179393960972025,20,5,50,473dd88968fee9937f9023fbb47b6cd74bf7c07fd7ecb4d65cc6c924c1751fd9,168cdc8f230bc2137e7a1ee67b6b597203fbf4fd,True,NVIDIA GeForce RTX 3050 Ti Laptop GPU,610.47,P0,1920,6001,74.82,77
20261003T101637Z,3,NVIDIA GeForce RTX 3050 Ti Laptop GPU,610.47,P0,1747,6001,72.46,77,2.8.0+cu128,12.8,3.4.0,1,8192,16384,bf16,triton,cuda_graph,2.711718777937571,20,5,50,473dd88968fee9937f9023fbb47b6cd74bf7c07fd7ecb4d65cc6c924c1751fd9,168cdc8f230bc2137e7a1ee67b6b597203fbf4fd,True,NVIDIA GeForce RTX 3050 Ti Laptop GPU,610.47,P0,1920,6001,74.82,77
20261003T101637Z,4,NVIDIA GeForce RTX 3050 Ti Laptop GPU,610.47,P0,1747,6001,72.46,77,2.8.0+cu128,12.8,3.4.0,1,8192,16384,bf16,triton,cuda_graph,2.6802517311336342,20,5,50,473dd88968fee9937f9023fbb47b6cd74bf7c07fd7ecb4d65cc6c924c1751fd9,168cdc8f230bc2137e7a1ee67b6b597203fbf4fd,True,NVIDIA GeForce RTX 3050 Ti Laptop GPU,610.47,P0,1920,6001,74.82,77
20261003T101637Z,4,NVIDIA GeForce RTX 3050 Ti Laptop GPU,610.47,P0,1747,6001,72.46,77,2.8.0+cu128,12.8,3.4.0,1,8192,16384,bf16,torch,cuda_graph,12.135712305704754,20,5,50,473dd88968fee9937f9023fbb47b6cd74bf7c07fd7ecb4d65cc6c924c1751fd9,168cdc8f230bc2137e7a1ee67b6b597203fbf4fd,True,NVIDIA GeForce RTX 3050 Ti Laptop GPU,610.47,P0,1920,6001,74.82,77
20261003T101637Z,5,NVIDIA GeForce RTX 3050 Ti Laptop GPU,610.47,P0,1747,6001,72.46,77,2.8.0+cu128,12.8,3.4.0,1,8192,16384,bf16,torch,cuda_graph,11.984402210868184,20,5,50,473dd88968fee9937f9023fbb47b6cd74bf7c07fd7ecb4d65cc6c924c1751fd9,168cdc8f230bc2137e7a1ee67b6b597203fbf4fd,True,NVIDIA GeForce RTX 3050 Ti Laptop GPU,610.47,P0,1920,6001,74.82,77
20261003T101637Z,5,NVIDIA GeForce RTX 3050 Ti Laptop GPU,610.47,P0,1747,6001,72.46,77,2.8.0+cu128,12.8,3.4.0,1,8192,16384,bf16,triton,cuda_graph,2.747517307081806,20,5,50,473dd88968fee9937f9023fbb47b6cd74bf7c07fd7ecb4d65cc6c924c1751fd9,168cdc8f230bc2137e7a1ee67b6b597203fbf4fd,True,NVIDIA GeForce RTX 3050 Ti Laptop GPU,610.47,P0,1920,6001,74.82,77
20261003T101637Z,1,NVIDIA GeForce RTX 3050 Ti Laptop GPU,610.47,P0,1920,6001,75.36,77,2.8.0+cu128,12.8,3.4.0,16,1024,2048,bf16,torch,cuda_graph,14.618292370358029,20,5,50,473dd88968fee9937f9023fbb47b6cd74bf7c07fd7ecb4d65cc6c924c1751fd9,168cdc8f230bc2137e7a1ee67b6b597203fbf4fd,True,NVIDIA GeForce RTX 3050 Ti Laptop GPU,610.47,P0,1717,6001,74.60,79
20261003T101637Z,1,NVIDIA GeForce RTX 3050 Ti Laptop GPU,610.47,P0,1920,6001,75.36,77,2.8.0+cu128,12.8,3.4.0,16,1024,2048,bf16,triton,cuda_graph,2.835881127043185,20,5,50,473dd88968fee9937f9023fbb47b6cd74bf7c07fd7ecb4d65cc6c924c1751fd9,168cdc8f230bc2137e7a1ee67b6b597203fbf4fd,True,NVIDIA GeForce RTX 3050 Ti Laptop GPU,610.47,P0,1717,6001,74.60,79
20261003T101637Z,2,NVIDIA GeForce RTX 3050 Ti Laptop GPU,610.47,P0,1920,6001,75.36,77,2.8.0+cu128,12.8,3.4.0,16,1024,2048,bf16,triton,cuda_graph,2.7991824776586824,20,5,50,473dd88968fee9937f9023fbb47b6cd74bf7c07fd7ecb4d65cc6c924c1751fd9,168cdc8f230bc2137e7a1ee67b6b597203fbf4fd,True,NVIDIA GeForce RTX 3050 Ti Laptop GPU,610.47,P0,1717,6001,74.60,79
20261003T101637Z,2,NVIDIA GeForce RTX 3050 Ti Laptop GPU,610.47,P0,1920,6001,75.36,77,2.8.0+cu128,12.8,3.4.0,16,1024,2048,bf16,torch,cuda_graph,16.260595199389336,20,5,50,473dd88968fee9937f9023fbb47b6cd74bf7c07fd7ecb4d65cc6c924c1751fd9,168cdc8f230bc2137e7a1ee67b6b597203fbf4fd,True,NVIDIA GeForce RTX 3050 Ti Laptop GPU,610.47,P0,1717,6001,74.60,79
20261003T101637Z,3,NVIDIA GeForce RTX 3050 Ti Laptop GPU,610.47,P0,1920,6001,75.36,77,2.8.0+cu128,12.8,3.4.0,16,1024,2048,bf16,torch,cuda_graph,15.974914608289248,20,5,50,473dd88968fee9937f9023fbb47b6cd74bf7c07fd7ecb4d65cc6c924c1751fd9,168cdc8f230bc2137e7a1ee67b6b597203fbf4fd,True,NVIDIA GeForce RTX 3050 Ti Laptop GPU,610.47,P0,1717,6001,74.60,79
20261003T101637Z,3,NVIDIA GeForce RTX 3050 Ti Laptop GPU,610.47,P0,1920,6001,75.36,77,2.8.0+cu128,12.8,3.4.0,16,1024,2048,bf16,triton,cuda_graph,2.840222114718614,20,5,50,473dd88968fee9937f9023fbb47b6cd74bf7c07fd7ecb4d65cc6c924c1751fd9,168cdc8f230bc2137e7a1ee67b6b597203fbf4fd,True,NVIDIA GeForce RTX 3050 Ti Laptop GPU,610.47,P0,1717,6001,74.60,79
20261003T101637Z,4,NVIDIA GeForce RTX 3050 Ti Laptop GPU,610.47,P0,1920,6001,75.36,77,2.8.0+cu128,12.8,3.4.0,16,1024,2048,bf16,triton,cuda_graph,2.8388066032824044,20,5,50,473dd88968fee9937f9023fbb47b6cd74bf7c07fd7ecb4d65cc6c924c1751fd9,168cdc8f230bc2137e7a1ee67b6b597203fbf4fd,True,NVIDIA GeForce RTX 3050 Ti Laptop GPU,610.47,P0,1717,6001,74.60,79
20261003T101637Z,4,NVIDIA GeForce RTX 3050 Ti Laptop GPU,610.47,P0,1920,6001,75.36,77,2.8.0+cu128,12.8,3.4.0,16,1024,2048,bf16,torch,cuda_graph,16.073696541063715,20,5,50,473dd88968fee9937f9023fbb47b6cd74bf7c07fd7ecb4d65cc6c924c1751fd9,168cdc8f230bc2137e7a1ee67b6b597203fbf4fd,True,NVIDIA GeForce RTX 3050 Ti Laptop GPU,610.47,P0,1717,6001,74.60,79
20261003T101637Z,5,NVIDIA GeForce RTX 3050 Ti Laptop GPU,610.47,P0,1920,6001,75.36,77,2.8.0+cu128,12.8,3.4.0,16,1024,2048,bf16,torch,cuda_graph,16.355117773398376,20,5,50,473dd88968fee9937f9023fbb47b6cd74bf7c07fd7ecb4d65cc6c924c1751fd9,168cdc8f230bc2137e7a1ee67b6b597203fbf4fd,True,NVIDIA GeForce RTX 3050 Ti Laptop GPU,610.47,P0,1717,6001,74.60,79
20261003T101637Z,5,NVIDIA GeForce RTX 3050 Ti Laptop GPU,610.47,P0,1920,6001,75.36,77,2.8.0+cu128,12.8,3.4.0,16,1024,2048,bf16,triton,cuda_graph,2.818509790242887,20,5,50,473dd88968fee9937f9023fbb47b6cd74bf7c07fd7ecb4d65cc6c924c1751fd9,168cdc8f230bc2137e7a1ee67b6b597203fbf4fd,True,NVIDIA GeForce RTX 3050 Ti Laptop GPU,610.47,P0,1717,6001,74.60,79
20261003T101637Z,1,NVIDIA GeForce RTX 3050 Ti Laptop GPU,610.47,P0,1717,6001,74.60,79,2.8.0+cu128,12.8,3.4.0,16,4096,8192,bf16,torch,cuda_graph,27.162667363882065,20,5,50,473dd88968fee9937f9023fbb47b6cd74bf7c07fd7ecb4d65cc6c924c1751fd9,168cdc8f230bc2137e7a1ee67b6b597203fbf4fd,True,NVIDIA GeForce RTX 3050 Ti Laptop GPU,610.47,P0,1837,6001,79.10,79
20261003T101637Z,1,NVIDIA GeForce RTX 3050 Ti Laptop GPU,610.47,P0,1717,6001,74.60,79,2.8.0+cu128,12.8,3.4.0,16,4096,8192,bf16,triton,cuda_graph,3.74375707168,20,5,50,473dd88968fee9937f9023fbb47b6cd74bf7c07fd7ecb4d65cc6c924c1751fd9,168cdc8f230bc2137e7a1ee67b6b597203fbf4fd,True,NVIDIA GeForce RTX 3050 Ti Laptop GPU,610.47,P0,1837,6001,79.10,79
20261003T101637Z,2,NVIDIA GeForce RTX 3050 Ti Laptop GPU,610.47,P0,1717,6001,74.60,79,2.8.0+cu128,12.8,3.4.0,16,4096,8192,bf16,triton,cuda_graph,3.277829244508216,20,5,50,473dd88968fee9937f9023fbb47b6cd74bf7c07fd7ecb4d65cc6c924c1751fd9,168cdc8f230bc2137e7a1ee67b6b597203fbf4fd,True,NVIDIA GeForce RTX 3050 Ti Laptop GPU,610.47,P0,1837,6001,79.10,79
20261003T101637Z,2,NVIDIA GeForce RTX 3050 Ti Laptop GPU,610.47,P0,1717,6001,74.60,79,2.8.0+cu128,12.8,3.4.0,16,4096,8192,bf16,torch,cuda_graph,27.128040481725506,20,5,50,473dd88968fee9937f9023fbb47b6cd74bf7c07fd7ecb4d65cc6c924c1751fd9,168cdc8f230bc2137e7a1ee67b6b597203fbf4fd,True,NVIDIA GeForce RTX 3050 Ti Laptop GPU,610.47,P0,1837,6001,79.10,79
20261003T101637Z,3,NVIDIA GeForce RTX 3050 Ti Laptop GPU,610.47,P0,1717,6001,74.60,79,2.8.0+cu128,12.8,3.4.0,16,4096,8192,bf16,torch,cuda_graph,27.12549674205291,20,5,50,473dd88968fee9937f9023fbb47b6cd74bf7c07fd7ecb4d65cc6c924c1751fd9,168cdc8f230bc2137e7a1ee67b6b597203fbf4fd,True,NVIDIA GeForce RTX 3050 Ti Laptop GPU,610.47,P0,1837,6001,79.10,79
20261003T101637Z,3,NVIDIA GeForce RTX 3050 Ti Laptop GPU,610.47,P0,1717,6001,74.60,79,2.8.0+cu128,12.8,3.4.0,16,4096,8192,bf16,triton,cuda_graph,3.178666619693532,20,5,50,473dd88968fee9937f9023fbb47b6cd74bf7c07fd7ecb4d65cc6c924c1751fd9,168cdc8f230bc2137e7a1ee67b6b597203fbf4fd,True,NVIDIA GeForce RTX 3050 Ti Laptop GPU,610.47,P0,1837,6001,79.10,79
20261003T101637Z,4,NVIDIA GeForce RTX 3050 Ti Laptop GPU,610.47,P0,1717,6001,74.60,79,2.8.0+cu128,12.8,3.4.0,16,4096,8192,bf16,triton,cuda_graph,3.194573514182074,20,5,50,473dd88968fee9937f9023fbb47b6cd74bf7c07fd7ecb4d65cc6c924c1751fd9,168cdc8f230bc2137e7a1ee67b6b597203fbf4fd,True,NVIDIA GeForce RTX 3050 Ti Laptop GPU,610.47,P0,1837,6001,79.10,79
20261003T101637Z,4,NVIDIA GeForce RTX 3050 Ti Laptop GPU,610.47,P0,1717,6001,74.60,79,2.8.0+cu128,12.8,3.4.0,16,4096,8192,bf16,torch,cuda_graph,25.175999850034714,20,5,50,473dd88968fee9937f9023fbb47b6cd74bf7c07fd7ecb4d65cc6c924c1751fd9,168cdc8f230bc2137e7a1ee67b6b597203fbf4fd,True,NVIDIA GeForce RTX 3050 Ti Laptop GPU,610.47,P0,1837,6001,79.10,79
20261003T101637Z,5,NVIDIA GeForce RTX 3050 Ti Laptop GPU,610.47,P0,1717,6001,74.60,79,2.8.0+cu128,12.8,3.4.0,16,4096,8192,bf16,torch,cuda_graph,25.682535327848843,20,5,50,473dd88968fee9937f9023fbb47b6cd74bf7c07fd7ecb4d65cc6c924c1751fd9,168cdc8f230bc2137e7a1ee67b6b597203fbf4fd,True,NVIDIA GeForce RTX 3050 Ti Laptop GPU,610.47,P0,1837,6001,79.10,79
20261003T101637Z,5,NVIDIA GeForce RTX 3050 Ti Laptop GPU,610.47,P0,1717,6001,74.60,79,2.8.0+cu128,12.8,3.4.0,16,4096,8192,bf16,triton,cuda_graph,3.280357450764469,20,5,50,473dd88968fee9937f9023fbb47b6cd74bf7c07fd7ecb4d65cc6c924c1751fd9,168cdc8f230bc2137e7a1ee67b6b597203fbf4fd,True,NVIDIA GeForce RTX 3050 Ti Laptop GPU,610.47,P0,1837,6001,79.10,79
20261003T101637Z,1,NVIDIA GeForce RTX 3050 Ti Laptop GPU,610.47,P0,1837,6001,79.10,79,2.8.0+cu128,12.8,3.4.0,16,8192,16384,bf16,torch,cuda_graph,57.108983316056715,20,5,50,473dd88968fee9937f9023fbb47b6cd74bf7c07fd7ecb4d65cc6c924c1751fd9,168cdc8f230bc2137e7a1ee67b6b597203fbf4fd,True,NVIDIA GeForce RTX 3050 Ti Laptop GPU,610.47,P0,1905,6001,80.14,79
20261003T101637Z,1,NVIDIA GeForce RTX 3050 Ti Laptop GPU,610.47,P0,1837,6001,79.10,79,2.8.0+cu128,12.8,3.4.0,16,8192,16384,bf16,triton,cuda_graph,5.155137064410192,20,5,50,473dd88968fee9937f9023fbb47b6cd74bf7c07fd7ecb4d65cc6c924c1751fd9,168cdc8f230bc2137e7a1ee67b6b597203fbf4fd,True,NVIDIA GeForce RTX 3050 Ti Laptop GPU,610.47,P0,1905,6001,80.14,79
20261003T101637Z,2,NVIDIA GeForce RTX 3050 Ti Laptop GPU,610.47,P0,1837,6001,79.10,79,2.8.0+cu128,12.8,3.4.0,16,8192,16384,bf16,triton,cuda_graph,5.316923037356242,20,5,50,473dd88968fee9937f9023fbb47b6cd74bf7c07fd7ecb4d65cc6c924c1751fd9,168cdc8f230bc2137e7a1ee67b6b597203fbf4fd,True,NVIDIA GeForce RTX 3050 Ti Laptop GPU,610.47,P0,1905,6001,80.14,79
20261003T101637Z,2,NVIDIA GeForce RTX 3050 Ti Laptop GPU,610.47,P0,1837,6001,79.10,79,2.8.0+cu128,12.8,3.4.0,16,8192,16384,bf16,torch,cuda_graph,56.60647437686011,20,5,50,473dd88968fee9937f9023fbb47b6cd74bf7c07fd7ecb4d65cc6c924c1751fd9,168cdc8f230bc2137e7a1ee67b6b597203fbf4fd,True,NVIDIA GeForce RTX 3050 Ti Laptop GPU,610.47,P0,1905,6001,80.14,79
20261003T101637Z,3,NVIDIA GeForce RTX 3050 Ti Laptop GPU,610.47,P0,1837,6001,79.10,79,2.8.0+cu128,12.8,3.4.0,16,8192,16384,bf16,torch,cuda_graph,55.5663488607491,20,5,50,473dd88968fee9937f9023fbb47b6cd74bf7c07fd7ecb4d65cc6c924c1751fd9,168cdc8f230bc2137e7a1ee67b6b597203fbf4fd,True,NVIDIA GeForce RTX 3050 Ti Laptop GPU,610.47,P0,1905,6001,80.14,79
20261003T101637Z,3,NVIDIA GeForce RTX 3050 Ti Laptop GPU,610.47,P0,1837,6001,79.10,79,2.8.0+cu128,12.8,3.4.0,16,8192,16384,bf16,triton,cuda_graph,5.031250434261784,20,5,50,473dd88968fee9937f9023fbb47b6cd74bf7c07fd7ecb4d65cc6c924c1751fd9,168cdc8f230bc2137e7a1ee67b6b597203fbf4fd,True,NVIDIA GeForce RTX 3050 Ti Laptop GPU,610.47,P0,1905,6001,80.14,79
20261003T101637Z,4,NVIDIA GeForce RTX 3050 Ti Laptop GPU,610.47,P0,1837,6001,79.10,79,2.8.0+cu128,12.8,3.4.0,16,8192,16384,bf16,triton,cuda_graph,5.024342184299512,20,5,50,473dd88968fee9937f9023fbb47b6cd74bf7c07fd7ecb4d65cc6c924c1751fd9,168cdc8f230bc2137e7a1ee67b6b597203fbf4fd,True,NVIDIA GeForce RTX 3050 Ti Laptop GPU,610.47,P0,1905,6001,80.14,79
20261003T101637Z,4,NVIDIA GeForce RTX 3050 Ti Laptop GPU,610.47,P0,1837,6001,79.10,79,2.8.0+cu128,12.8,3.4.0,16,8192,16384,bf16,torch,cuda_graph,55.33073785382386,20,5,50,473dd88968fee9937f9023fbb47b6cd74bf7c07fd7ecb4d65cc6c924c1751fd9,168cdc8f230bc2137e7a1ee67b6b597203fbf4fd,True,NVIDIA GeForce RTX 3050 Ti Laptop GPU,610.47,P0,1905,6001,80.14,79
20261003T101637Z,5,NVIDIA GeForce RTX 3050 Ti Laptop GPU,610.47,P0,1837,6001,79.10,79,2.8.0+cu128,12.8,3.4.0,16,8192,16384,bf16,torch,cuda_graph,56.425649653036125,20,5,50,473dd88968fee9937f9023fbb47b6cd74bf7c07fd7ecb4d65cc6c924c1751fd9,168cdc8f230bc2137e7a1ee67b6b597203fbf4fd,True,NVIDIA GeForce RTX 3050 Ti Laptop GPU,610.47,P0,1905,6001,80.14,79
20261003T101637Z,5,NVIDIA GeForce RTX 3050 Ti Laptop GPU,610.47,P0,1837,6001,79.10,79,2.8.0+cu128,12.8,3.4.0,16,8192,16384,bf16,triton,cuda_graph,5.279372427977768,20,5,50,473dd88968fee9937f9023fbb47b6cd74bf7c07fd7ecb4d65cc6c924c1751fd9,168cdc8f230bc2137e7a1ee67b6b597203fbf4fd,True,NVIDIA GeForce RTX 3050 Ti Laptop GPU,610.47,P0,1905,6001,80.14,79
20261003T101637Z,1,NVIDIA GeForce RTX 3050 Ti Laptop GPU,610.47,P0,1905,6001,80.14,79,2.8.0+cu128,12.8,3.4.0,128,1024,2048,bf16,torch,cuda_graph,59.223377776003176,20,5,50,473dd88968fee9937f9023fbb47b6cd74bf7c07fd7ecb4d65cc6c924c1751fd9,168cdc8f230bc2137e7a1ee67b6b597203fbf4fd,True,NVIDIA GeForce RTX 3050 Ti Laptop GPU,610.47,P0,1710,6001,78.50,80
20261003T101637Z,1,NVIDIA GeForce RTX 3050 Ti Laptop GPU,610.47,P0,1905,6001,80.14,79,2.8.0+cu128,12.8,3.4.0,128,1024,2048,bf16,triton,cuda_graph,5.299891828026174,20,5,50,473dd88968fee9937f9023fbb47b6cd74bf7c07fd7ecb4d65cc6c924c1751fd9,168cdc8f230bc2137e7a1ee67b6b597203fbf4fd,True,NVIDIA GeForce RTX 3050 Ti Laptop GPU,610.47,P0,1710,6001,78.50,80
20261003T101637Z,2,NVIDIA GeForce RTX 3050 Ti Laptop GPU,610.47,P0,1905,6001,80.14,79,2.8.0+cu128,12.8,3.4.0,128,1024,2048,bf16,triton,cuda_graph,5.021095627450947,20,5,50,473dd88968fee9937f9023fbb47b6cd74bf7c07fd7ecb4d65cc6c924c1751fd9,168cdc8f230bc2137e7a1ee67b6b597203fbf4fd,True,NVIDIA GeForce RTX 3050 Ti Laptop GPU,610.47,P0,1710,6001,78.50,80
20261003T101637Z,2,NVIDIA GeForce RTX 3050 Ti Laptop GPU,610.47,P0,1905,6001,80.14,79,2.8.0+cu128,12.8,3.4.0,128,1024,2048,bf16,torch,cuda_graph,57.61497341401395,20,5,50,473dd88968fee9937f9023fbb47b6cd74bf7c07fd7ecb4d65cc6c924c1751fd9,168cdc8f230bc2137e7a1ee67b6b597203fbf4fd,True,NVIDIA GeForce RTX 3050 Ti Laptop GPU,610.47,P0,1710,6001,78.50,80
20261003T101637Z,3,NVIDIA GeForce RTX 3050 Ti Laptop GPU,610.47,P0,1905,6001,80.14,79,2.8.0+cu128,12.8,3.4.0,128,1024,2048,bf16,torch,cuda_graph,58.03705574809641,20,5,50,473dd88968fee9937f9023fbb47b6cd74bf7c07fd7ecb4d65cc6c924c1751fd9,168cdc8f230bc2137e7a1ee67b6b597203fbf4fd,True,NVIDIA GeForce RTX 3050 Ti Laptop GPU,610.47,P0,1710,6001,78.50,80
20261003T101637Z,3,NVIDIA GeForce RTX 3050 Ti Laptop GPU,610.47,P0,1905,6001,80.14,79,2.8.0+cu128,12.8,3.4.0,128,1024,2048,bf16,triton,cuda_graph,5.238541828587724,20,5,50,473dd88968fee9937f9023fbb47b6cd74bf7c07fd7ecb4d65cc6c924c1751fd9,168cdc8f230bc2137e7a1ee67b6b597203fbf4fd,True,NVIDIA GeForce RTX 3050 Ti Laptop GPU,610.47,P0,1710,6001,78.50,80
20261003T101637Z,4,NVIDIA GeForce RTX 3050 Ti Laptop GPU,610.47,P0,1905,6001,80.14,79,2.8.0+cu128,12.8,3.4.0,128,1024,2048,bf16,triton,cuda_graph,3.792592615046829,20,5,50,473dd88968fee9937f9023fbb47b6cd74bf7c07fd7ecb4d65cc6c924c1751fd9,168cdc8f230bc2137e7a1ee67b6b597203fbf4fd,True,NVIDIA GeForce RTX 3050 Ti Laptop GPU,610.47,P0,1710,6001,78.50,80
20261003T101637Z,4,NVIDIA GeForce RTX 3050 Ti Laptop GPU,610.47,P0,1905,6001,80.14,79,2.8.0+cu128,12.8,3.4.0,128,1024,2048,bf16,torch,cuda_graph,56.77419324075023,20,5,50,473dd88968fee9937f9023fbb47b6cd74bf7c07fd7ecb4d65cc6c924c1751fd9,168cdc8f230bc2137e7a1ee67b6b597203fbf4fd,True,NVIDIA GeForce RTX 3050 Ti Laptop GPU,610.47,P0,1710,6001,78.50,80
20261003T101637Z,5,NVIDIA GeForce RTX 3050 Ti Laptop GPU,610.47,P0,1905,6001,80.14,79,2.8.0+cu128,12.8,3.4.0,128,1024,2048,bf16,torch,cuda_graph,55.84951349206873,20,5,50,473dd88968fee9937f9023fbb47b6cd74bf7c07fd7ecb4d65cc6c924c1751fd9,168cdc8f230bc2137e7a1ee67b6b597203fbf4fd,True,NVIDIA GeForce RTX 3050 Ti Laptop GPU,610.47,P0,1710,6001,78.50,80
20261003T101637Z,5,NVIDIA GeForce RTX 3050 Ti Laptop GPU,610.47,P0,1905,6001,80.14,79,2.8.0+cu128,12.8,3.4.0,128,1024,2048,bf16,triton,cuda_graph,5.222908024752407,20,5,50,473dd88968fee9937f9023fbb47b6cd74bf7c07fd7ecb4d65cc6c924c1751fd9,168cdc8f230bc2137e7a1ee67b6b597203fbf4fd,True,NVIDIA GeForce RTX 3050 Ti Laptop GPU,610.47,P0,1710,6001,78.50,80
20261003T101637Z,1,NVIDIA GeForce RTX 3050 Ti Laptop GPU,610.47,P0,1710,6001,79.08,80,2.8.0+cu128,12.8,3.4.0,128,4096,8192,bf16,torch,cuda_graph,327.5255879397115,20,5,50,473dd88968fee9937f9023fbb47b6cd74bf7c07fd7ecb4d65cc6c924c1751fd9,168cdc8f230bc2137e7a1ee67b6b597203fbf4fd,True,NVIDIA GeForce RTX 3050 Ti Laptop GPU,610.47,P0,1920,6001,60.36,77
20261003T101637Z,1,NVIDIA GeForce RTX 3050 Ti Laptop GPU,610.47,P0,1710,6001,79.08,80,2.8.0+cu128,12.8,3.4.0,128,4096,8192,bf16,triton,cuda_graph,50.136938870950814,20,5,50,473dd88968fee9937f9023fbb47b6cd74bf7c07fd7ecb4d65cc6c924c1751fd9,168cdc8f230bc2137e7a1ee67b6b597203fbf4fd,True,NVIDIA GeForce RTX 3050 Ti Laptop GPU,610.47,P0,1920,6001,60.36,77
20261003T101637Z,2,NVIDIA GeForce RTX 3050 Ti Laptop GPU,610.47,P0,1710,6001,79.08,80,2.8.0+cu128,12.8,3.4.0,128,4096,8192,bf16,triton,cuda_graph,17.82922995717902,20,5,50,473dd88968fee9937f9023fbb47b6cd74bf7c07fd7ecb4d65cc6c924c1751fd9,168cdc8f230bc2137e7a1ee67b6b597203fbf4fd,True,NVIDIA GeForce RTX 3050 Ti Laptop GPU,610.47,P0,1920,6001,60.36,77
20261003T101637Z,2,NVIDIA GeForce RTX 3050 Ti Laptop GPU,610.47,P0,1710,6001,79.08,80,2.8.0+cu128,12.8,3.4.0,128,4096,8192,bf16,torch,cuda_graph,112.3328006628788,20,5,50,473dd88968fee9937f9023fbb47b6cd74bf7c07fd7ecb4d65cc6c924c1751fd9,168cdc8f230bc2137e7a1ee67b6b597203fbf4fd,True,NVIDIA GeForce RTX 3050 Ti Laptop GPU,610.47,P0,1920,6001,60.36,77
20261003T101637Z,3,NVIDIA GeForce RTX 3050 Ti Laptop GPU,610.47,P0,1710,6001,79.08,80,2.8.0+cu128,12.8,3.4.0,128,4096,8192,bf16,torch,cuda_graph,112.30346796762608,20,5,50,473dd88968fee9937f9023fbb47b6cd74bf7c07fd7ecb4d65cc6c924c1751fd9,168cdc8f230bc2137e7a1ee67b6b597203fbf4fd,True,NVIDIA GeForce RTX 3050 Ti Laptop GPU,610.47,P0,1920,6001,60.36,77
20261003T101637Z,3,NVIDIA GeForce RTX 3050 Ti Laptop GPU,610.47,P0,1710,6001,79.08,80,2.8.0+cu128,12.8,3.4.0,128,4096,8192,bf16,triton,cuda_graph,17.643178535613004,20,5,50,473dd88968fee9937f9023fbb47b6cd74bf7c07fd7ecb4d65cc6c924c1751fd9,168cdc8f230bc2137e7a1ee67b6b597203fbf4fd,True,NVIDIA GeForce RTX 3050 Ti Laptop GPU,610.47,P0,1920,6001,60.36,77
20261003T101637Z,4,NVIDIA GeForce RTX 3050 Ti Laptop GPU,610.47,P0,1710,6001,79.08,80,2.8.0+cu128,12.8,3.4.0,128,4096,8192,bf16,triton,cuda_graph,17.490089038186824,20,5,50,473dd88968fee9937f9023fbb47b6cd74bf7c07fd7ecb4d65cc6c924c1751fd9,168cdc8f230bc2137e7a1ee67b6b597203fbf4fd,True,NVIDIA GeForce RTX 3050 Ti Laptop GPU,610.47,P0,1920,6001,60.36,77
20261003T101637Z,4,NVIDIA GeForce RTX 3050 Ti Laptop GPU,610.47,P0,1710,6001,79.08,80,2.8.0+cu128,12.8,3.4.0,128,4096,8192,bf16,torch,cuda_graph,112.24024253123252,20,5,50,473dd88968fee9937f9023fbb47b6cd74bf7c07fd7ecb4d65cc6c924c1751fd9,168cdc8f230bc2137e7a1ee67b6b597203fbf4fd,True,NVIDIA GeForce RTX 3050 Ti Laptop GPU,610.47,P0,1920,6001,60.36,77
20261003T101637Z,5,NVIDIA GeForce RTX 3050 Ti Laptop GPU,610.47,P0,1710,6001,79.08,80,2.8.0+cu128,12.8,3.4.0,128,4096,8192,bf16,torch,cuda_graph,112.25298713235294,20,5,50,473dd88968fee9937f9023fbb47b6cd74bf7c07fd7ecb4d65cc6c924c1751fd9,168cdc8f230bc2137e7a1ee67b6b597203fbf4fd,True,NVIDIA GeForce RTX 3050 Ti Laptop GPU,610.47,P0,1920,6001,60.36,77
20261003T101637Z,5,NVIDIA GeForce RTX 3050 Ti Laptop GPU,610.47,P0,1710,6001,79.08,80,2.8.0+cu128,12.8,3.4.0,128,4096,8192,bf16,triton,cuda_graph,17.50640277270679,20,5,50,473dd88968fee9937f9023fbb47b6cd74bf7c07fd7ecb4d65cc6c924c1751fd9,168cdc8f230bc2137e7a1ee67b6b597203fbf4fd,True,NVIDIA GeForce RTX 3050 Ti Laptop GPU,610.47,P0,1920,6001,60.36,77
20261003T101637Z,1,NVIDIA GeForce RTX 3050 Ti Laptop GPU,610.47,P0,1920,6001,60.36,77,2.8.0+cu128,12.8,3.4.0,128,8192,16384,bf16,torch,cuda_graph,219.94264170808614,20,5,50,473dd88968fee9937f9023fbb47b6cd74bf7c07fd7ecb4d65cc6c924c1751fd9,168cdc8f230bc2137e7a1ee67b6b597203fbf4fd,True,NVIDIA GeForce RTX 3050 Ti Laptop GPU,610.47,P0,1920,6001,62.99,74
20261003T101637Z,1,NVIDIA GeForce RTX 3050 Ti Laptop GPU,610.47,P0,1920,6001,60.36,77,2.8.0+cu128,12.8,3.4.0,128,8192,16384,bf16,triton,cuda_graph,34.08069132430308,20,5,50,473dd88968fee9937f9023fbb47b6cd74bf7c07fd7ecb4d65cc6c924c1751fd9,168cdc8f230bc2137e7a1ee67b6b597203fbf4fd,True,NVIDIA GeForce RTX 3050 Ti Laptop GPU,610.47,P0,1920,6001,62.99,74
20261003T101637Z,2,NVIDIA GeForce RTX 3050 Ti Laptop GPU,610.47,P0,1920,6001,60.36,77,2.8.0+cu128,12.8,3.4.0,128,8192,16384,bf16,triton,cuda_graph,34.13926182107037,20,5,50,473dd88968fee9937f9023fbb47b6cd74bf7c07fd7ecb4d65cc6c924c1751fd9,168cdc8f230bc2137e7a1ee67b6b597203fbf4fd,True,NVIDIA GeForce RTX 3050 Ti Laptop GPU,610.47,P0,1920,6001,62.99,74
20261003T101637Z,2,NVIDIA GeForce RTX 3050 Ti Laptop GPU,610.47,P0,1920,6001,60.36,77,2.8.0+cu128,12.8,3.4.0,128,8192,16384,bf16,torch,cuda_graph,219.77408319456964,20,5,50,473dd88968fee9937f9023fbb47b6cd74bf7c07fd7ecb4d65cc6c924c1751fd9,168cdc8f230bc2137e7a1ee67b6b597203fbf4fd,True,NVIDIA GeForce RTX 3050 Ti Laptop GPU,610.47,P0,1920,6001,62.99,74
20261003T101637Z,3,NVIDIA GeForce RTX 3050 Ti Laptop GPU,610.47,P0,1920,6001,60.36,77,2.8.0+cu128,12.8,3.4.0,128,8192,16384,bf16,torch,cuda_graph,219.79221864180133,20,5,50,473dd88968fee9937f9023fbb47b6cd74bf7c07fd7ecb4d65cc6c924c1751fd9,168cdc8f230bc2137e7a1ee67b6b597203fbf4fd,True,NVIDIA GeForce RTX 3050 Ti Laptop GPU,610.47,P0,1920,6001,62.99,74
20261003T101637Z,3,NVIDIA GeForce RTX 3050 Ti Laptop GPU,610.47,P0,1920,6001,60.36,77,2.8.0+cu128,12.8,3.4.0,128,8192,16384,bf16,triton,cuda_graph,34.113848352197024,20,5,50,473dd88968fee9937f9023fbb47b6cd74bf7c07fd7ecb4d65cc6c924c1751fd9,168cdc8f230bc2137e7a1ee67b6b597203fbf4fd,True,NVIDIA GeForce RTX 3050 Ti Laptop GPU,610.47,P0,1920,6001,62.99,74
20261003T101637Z,4,NVIDIA GeForce RTX 3050 Ti Laptop GPU,610.47,P0,1920,6001,60.36,77,2.8.0+cu128,12.8,3.4.0,128,8192,16384,bf16,triton,cuda_graph,34.12329409302784,20,5,50,473dd88968fee9937f9023fbb47b6cd74bf7c07fd7ecb4d65cc6c924c1751fd9,168cdc8f230bc2137e7a1ee67b6b597203fbf4fd,True,NVIDIA GeForce RTX 3050 Ti Laptop GPU,610.47,P0,1920,6001,62.99,74
20261003T101637Z,4,NVIDIA GeForce RTX 3050 Ti Laptop GPU,610.47,P0,1920,6001,60.36,77,2.8.0+cu128,12.8,3.4.0,128,8192,16384,bf16,torch,cuda_graph,219.98550859801972,20,5,50,473dd88968fee9937f9023fbb47b6cd74bf7c07fd7ecb4d65cc6c924c1751fd9,168cdc8f230bc2137e7a1ee67b6b597203fbf4fd,True,NVIDIA GeForce RTX 3050 Ti Laptop GPU,610.47,P0,1920,6001,62.99,74
20261003T101637Z,5,NVIDIA GeForce RTX 3050 Ti Laptop GPU,610.47,P0,1920,6001,60.36,77,2.8.0+cu128,12.8,3.4.0,128,8192,16384,bf16,torch,cuda_graph,219.99719505485848,20,5,50,473dd88968fee9937f9023fbb47b6cd74bf7c07fd7ecb4d65cc6c924c1751fd9,168cdc8f230bc2137e7a1ee67b6b597203fbf4fd,True,NVIDIA GeForce RTX 3050 Ti Laptop GPU,610.47,P0,1920,6001,62.99,74
20261003T101637Z,5,NVIDIA GeForce RTX 3050 Ti Laptop GPU,610.47,P0,1920,6001,60.36,77,2.8.0+cu128,12.8,3.4.0,128,8192,16384,bf16,triton,cuda_graph,34.11975974674907,20,5,50,473dd88968fee9937f9023fbb47b6cd74bf7c07fd7ecb4d65cc6c924c1751fd9,168cdc8f230bc2137e7a1ee67b6b597203fbf4fd,True,NVIDIA GeForce RTX 3050 Ti Laptop GPU,610.47,P0,1920,6001,62.99,74
20261003T101637Z,1,NVIDIA GeForce RTX 3050 Ti Laptop GPU,610.47,P0,1920,6001,62.99,74,2.8.0+cu128,12.8,3.4.0,512,1024,2048,bf16,torch,cuda_graph,112.52756471987124,20,5,50,473dd88968fee9937f9023fbb47b6cd74bf7c07fd7ecb4d65cc6c924c1751fd9,168cdc8f230bc2137e7a1ee67b6b597203fbf4fd,True,NVIDIA GeForce RTX 3050 Ti Laptop GPU,610.47,P0,1920,6001,56.97,77
20261003T101637Z,1,NVIDIA GeForce RTX 3050 Ti Laptop GPU,610.47,P0,1920,6001,62.99,74,2.8.0+cu128,12.8,3.4.0,512,1024,2048,bf16,triton,cuda_graph,17.543217870924206,20,5,50,473dd88968fee9937f9023fbb47b6cd74bf7c07fd7ecb4d65cc6c924c1751fd9,168cdc8f230bc2137e7a1ee67b6b597203fbf4fd,True,NVIDIA GeForce RTX 3050 Ti Laptop GPU,610.47,P0,1920,6001,56.97,77
20261003T101637Z,2,NVIDIA GeForce RTX 3050 Ti Laptop GPU,610.47,P0,1920,6001,62.99,74,2.8.0+cu128,12.8,3.4.0,512,1024,2048,bf16,triton,cuda_graph,17.533994513335905,20,5,50,473dd88968fee9937f9023fbb47b6cd74bf7c07fd7ecb4d65cc6c924c1751fd9,168cdc8f230bc2137e7a1ee67b6b597203fbf4fd,True,NVIDIA GeForce RTX 3050 Ti Laptop GPU,610.47,P0,1920,6001,56.97,77
20261003T101637Z,2,NVIDIA GeForce RTX 3050 Ti Laptop GPU,610.47,P0,1920,6001,62.99,74,2.8.0+cu128,12.8,3.4.0,512,1024,2048,bf16,torch,cuda_graph,112.571236865768,20,5,50,473dd88968fee9937f9023fbb47b6cd74bf7c07fd7ecb4d65cc6c924c1751fd9,168cdc8f230bc2137e7a1ee67b6b597203fbf4fd,True,NVIDIA GeForce RTX 3050 Ti Laptop GPU,610.47,P0,1920,6001,56.97,77
20261003T101637Z,3,NVIDIA GeForce RTX 3050 Ti Laptop GPU,610.47,P0,1920,6001,62.99,74,2.8.0+cu128,12.8,3.4.0,512,1024,2048,bf16,torch,cuda_graph,112.60322971238615,20,5,50,473dd88968fee9937f9023fbb47b6cd74bf7c07fd7ecb4d65cc6c924c1751fd9,168cdc8f230bc2137e7a1ee67b6b597203fbf4fd,True,NVIDIA GeForce RTX 3050 Ti Laptop GPU,610.47,P0,1920,6001,56.97,77
20261003T101637Z,3,NVIDIA GeForce RTX 3050 Ti Laptop GPU,610.47,P0,1920,6001,62.99,74,2.8.0+cu128,12.8,3.4.0,512,1024,2048,bf16,triton,cuda_graph,17.58132016130269,20,5,50,473dd88968fee9937f9023fbb47b6cd74bf7c07fd7ecb4d65cc6c924c1751fd9,168cdc8f230bc2137e7a1ee67b6b597203fbf4fd,True,NVIDIA GeForce RTX 3050 Ti Laptop GPU,610.47,P0,1920,6001,56.97,77
20261003T101637Z,4,NVIDIA GeForce RTX 3050 Ti Laptop GPU,610.47,P0,1920,6001,62.99,74,2.8.0+cu128,12.8,3.4.0,512,1024,2048,bf16,triton,cuda_graph,17.52959993150499,20,5,50,473dd88968fee9937f9023fbb47b6cd74bf7c07fd7ecb4d65cc6c924c1751fd9,168cdc8f230bc2137e7a1ee67b6b597203fbf4fd,True,NVIDIA GeForce RTX 3050 Ti Laptop GPU,610.47,P0,1920,6001,56.97,77
20261003T101637Z,4,NVIDIA GeForce RTX 3050 Ti Laptop GPU,610.47,P0,1920,6001,62.99,74,2.8.0+cu128,12.8,3.4.0,512,1024,2048,bf16,torch,cuda_graph,112.6457044341106,20,5,50,473dd88968fee9937f9023fbb47b6cd74bf7c07fd7ecb4d65cc6c924c1751fd9,168cdc8f230bc2137e7a1ee67b6b597203fbf4fd,True,NVIDIA GeForce RTX 3050 Ti Laptop GPU,610.47,P0,1920,6001,56.97,77
20261003T101637Z,5,NVIDIA GeForce RTX 3050 Ti Laptop GPU,610.47,P0,1920,6001,62.99,74,2.8.0+cu128,12.8,3.4.0,512,1024,2048,bf16,torch,cuda_graph,112.58821589972385,20,5,50,473dd88968fee9937f9023fbb47b6cd74bf7c07fd7ecb4d65cc6c924c1751fd9,168cdc8f230bc2137e7a1ee67b6b597203fbf4fd,True,NVIDIA GeForce RTX 3050 Ti Laptop GPU,610.47,P0,1920,6001,56.97,77
20261003T101637Z,5,NVIDIA GeForce RTX 3050 Ti Laptop GPU,610.47,P0,1920,6001,62.99,74,2.8.0+cu128,12.8,3.4.0,512,1024,2048,bf16,triton,cuda_graph,17.662289413418165,20,5,50,473dd88968fee9937f9023fbb47b6cd74bf7c07fd7ecb4d65cc6c924c1751fd9,168cdc8f230bc2137e7a1ee67b6b597203fbf4fd,True,NVIDIA GeForce RTX 3050 Ti Laptop GPU,610.47,P0,1920,6001,56.97,77
20261003T101637Z,1,NVIDIA GeForce RTX 3050 Ti Laptop GPU,610.47,P0,1920,6001,56.97,77,2.8.0+cu128,12.8,3.4.0,512,4096,8192,bf16,torch,cuda_graph,437.4783777557643,20,5,50,473dd88968fee9937f9023fbb47b6cd74bf7c07fd7ecb4d65cc6c924c1751fd9,168cdc8f230bc2137e7a1ee67b6b597203fbf4fd,True,NVIDIA GeForce RTX 3050 Ti Laptop GPU,610.47,P0,1920,6001,64.93,76
20261003T101637Z,1,NVIDIA GeForce RTX 3050 Ti Laptop GPU,610.47,P0,1920,6001,56.97,77,2.8.0+cu128,12.8,3.4.0,512,4096,8192,bf16,triton,cuda_graph,68.69778897520689,20,5,50,473dd88968fee9937f9023fbb47b6cd74bf7c07fd7ecb4d65cc6c924c1751fd9,168cdc8f230bc2137e7a1ee67b6b597203fbf4fd,True,NVIDIA GeForce RTX 3050 Ti Laptop GPU,610.47,P0,1920,6001,64.93,76
20261003T101637Z,2,NVIDIA GeForce RTX 3050 Ti Laptop GPU,610.47,P0,1920,6001,56.97,77,2.8.0+cu128,12.8,3.4.0,512,4096,8192,bf16,triton,cuda_graph,68.62507025843544,20,5,50,473dd88968fee9937f9023fbb47b6cd74bf7c07fd7ecb4d65cc6c924c1751fd9,168cdc8f230bc2137e7a1ee67b6b597203fbf4fd,True,NVIDIA GeForce RTX 3050 Ti Laptop GPU,610.47,P0,1920,6001,64.93,76
20261003T101637Z,2,NVIDIA GeForce RTX 3050 Ti Laptop GPU,610.47,P0,1920,6001,56.97,77,2.8.0+cu128,12.8,3.4.0,512,4096,8192,bf16,torch,cuda_graph,437.2376636066268,20,5,50,473dd88968fee9937f9023fbb47b6cd74bf7c07fd7ecb4d65cc6c924c1751fd9,168cdc8f230bc2137e7a1ee67b6b597203fbf4fd,True,NVIDIA GeForce RTX 3050 Ti Laptop GPU,610.47,P0,1920,6001,64.93,76
20261003T101637Z,3,NVIDIA GeForce RTX 3050 Ti Laptop GPU,610.47,P0,1920,6001,56.97,77,2.8.0+cu128,12.8,3.4.0,512,4096,8192,bf16,torch,cuda_graph,437.18002116785635,20,5,50,473dd88968fee9937f9023fbb47b6cd74bf7c07fd7ecb4d65cc6c924c1751fd9,168cdc8f230bc2137e7a1ee67b6b597203fbf4fd,True,NVIDIA GeForce RTX 3050 Ti Laptop GPU,610.47,P0,1920,6001,64.93,76
20261003T101637Z,3,NVIDIA GeForce RTX 3050 Ti Laptop GPU,610.47,P0,1920,6001,56.97,77,2.8.0+cu128,12.8,3.4.0,512,4096,8192,bf16,triton,cuda_graph,68.63417661279664,20,5,50,473dd88968fee9937f9023fbb47b6cd74bf7c07fd7ecb4d65cc6c924c1751fd9,168cdc8f230bc2137e7a1ee67b6b597203fbf4fd,True,NVIDIA GeForce RTX 3050 Ti Laptop GPU,610.47,P0,1920,6001,64.93,76
20261003T101637Z,4,NVIDIA GeForce RTX 3050 Ti Laptop GPU,610.47,P0,1920,6001,56.97,77,2.8.0+cu128,12.8,3.4.0,512,4096,8192,bf16,triton,cuda_graph,68.62003968493774,20,5,50,473dd88968fee9937f9023fbb47b6cd74bf7c07fd7ecb4d65cc6c924c1751fd9,168cdc8f230bc2137e7a1ee67b6b597203fbf4fd,True,NVIDIA GeForce RTX 3050 Ti Laptop GPU,610.47,P0,1920,6001,64.93,76
20261003T101637Z,4,NVIDIA GeForce RTX 3050 Ti Laptop GPU,610.47,P0,1920,6001,56.97,77,2.8.0+cu128,12.8,3.4.0,512,4096,8192,bf16,torch,cuda_graph,437.2795746389744,20,5,50,473dd88968fee9937f9023fbb47b6cd74bf7c07fd7ecb4d65cc6c924c1751fd9,168cdc8f230bc2137e7a1ee67b6b597203fbf4fd,True,NVIDIA GeForce RTX 3050 Ti Laptop GPU,610.47,P0,1920,6001,64.93,76
20261003T101637Z,5,NVIDIA GeForce RTX 3050 Ti Laptop GPU,610.47,P0,1920,6001,56.97,77,2.8.0+cu128,12.8,3.4.0,512,4096,8192,bf16,torch,cuda_graph,437.3748576746578,20,5,50,473dd88968fee9937f9023fbb47b6cd74bf7c07fd7ecb4d65cc6c924c1751fd9,168cdc8f230bc2137e7a1ee67b6b597203fbf4fd,True,NVIDIA GeForce RTX 3050 Ti Laptop GPU,610.47,P0,1920,6001,64.93,76
20261003T101637Z,5,NVIDIA GeForce RTX 3050 Ti Laptop GPU,610.47,P0,1920,6001,56.97,77,2.8.0+cu128,12.8,3.4.0,512,4096,8192,bf16,triton,cuda_graph,68.66182085638741,20,5,50,473dd88968fee9937f9023fbb47b6cd74bf7c07fd7ecb4d65cc6c924c1751fd9,168cdc8f230bc2137e7a1ee67b6b597203fbf4fd,True,NVIDIA GeForce RTX 3050 Ti Laptop GPU,610.47,P0,1920,6001,64.93,76
20261003T101637Z,1,NVIDIA GeForce RTX 3050 Ti Laptop GPU,610.47,P0,1920,6001,64.39,76,2.8.0+cu128,12.8,3.4.0,512,8192,16384,bf16,torch,cuda_graph,874.0084129467344,20,5,50,473dd88968fee9937f9023fbb47b6cd74bf7c07fd7ecb4d65cc6c924c1751fd9,168cdc8f230bc2137e7a1ee67b6b597203fbf4fd,True,NVIDIA GeForce RTX 3050 Ti Laptop GPU,610.47,P0,1920,6001,66.13,79
20261003T101637Z,1,NVIDIA GeForce RTX 3050 Ti Laptop GPU,610.47,P0,1920,6001,64.39,76,2.8.0+cu128,12.8,3.4.0,512,8192,16384,bf16,triton,cuda_graph,137.18377827295188,20,5,50,473dd88968fee9937f9023fbb47b6cd74bf7c07fd7ecb4d65cc6c924c1751fd9,168cdc8f230bc2137e7a1ee67b6b597203fbf4fd,True,NVIDIA GeForce RTX 3050 Ti Laptop GPU,610.47,P0,1920,6001,66.13,79
20261003T101637Z,2,NVIDIA GeForce RTX 3050 Ti Laptop GPU,610.47,P0,1920,6001,64.39,76,2.8.0+cu128,12.8,3.4.0,512,8192,16384,bf16,triton,cuda_graph,137.23112707552704,20,5,50,473dd88968fee9937f9023fbb47b6cd74bf7c07fd7ecb4d65cc6c924c1751fd9,168cdc8f230bc2137e7a1ee67b6b597203fbf4fd,True,NVIDIA GeForce RTX 3050 Ti Laptop GPU,610.47,P0,1920,6001,66.13,79
20261003T101637Z,2,NVIDIA GeForce RTX 3050 Ti Laptop GPU,610.47,P0,1920,6001,64.39,76,2.8.0+cu128,12.8,3.4.0,512,8192,16384,bf16,torch,cuda_graph,874.0378931949014,20,5,50,473dd88968fee9937f9023fbb47b6cd74bf7c07fd7ecb4d65cc6c924c1751fd9,168cdc8f230bc2137e7a1ee67b6b597203fbf4fd,True,NVIDIA GeForce RTX 3050 Ti Laptop GPU,610.47,P0,1920,6001,66.13,79
20261003T101637Z,3,NVIDIA GeForce RTX 3050 Ti Laptop GPU,610.47,P0,1920,6001,64.39,76,2.8.0+cu128,12.8,3.4.0,512,8192,16384,bf16,torch,cuda_graph,874.1367072389836,20,5,50,473dd88968fee9937f9023fbb47b6cd74bf7c07fd7ecb4d65cc6c924c1751fd9,168cdc8f230bc2137e7a1ee67b6b597203fbf4fd,True,NVIDIA GeForce RTX 3050 Ti Laptop GPU,610.47,P0,1920,6001,66.13,79
20261003T101637Z,3,NVIDIA GeForce RTX 3050 Ti Laptop GPU,610.47,P0,1920,6001,64.39,76,2.8.0+cu128,12.8,3.4.0,512,8192,16384,bf16,triton,cuda_graph,137.24856675483227,20,5,50,473dd88968fee9937f9023fbb47b6cd74bf7c07fd7ecb4d65cc6c924c1751fd9,168cdc8f230bc2137e7a1ee67b6b597203fbf4fd,True,NVIDIA GeForce RTX 3050 Ti Laptop GPU,610.47,P0,1920,6001,66.13,79
20261003T101637Z,4,NVIDIA GeForce RTX 3050 Ti Laptop GPU,610.47,P0,1920,6001,64.39,76,2.8.0+cu128,12.8,3.4.0,512,8192,16384,bf16,triton,cuda_graph,137.30225874030072,20,5,50,473dd88968fee9937f9023fbb47b6cd74bf7c07fd7ecb4d65cc6c924c1751fd9,168cdc8f230bc2137e7a1ee67b6b597203fbf4fd,True,NVIDIA GeForce RTX 3050 Ti Laptop GPU,610.47,P0,1920,6001,66.13,79
20261003T101637Z,4,NVIDIA GeForce RTX 3050 Ti Laptop GPU,610.47,P0,1920,6001,64.39,76,2.8.0+cu128,12.8,3.4.0,512,8192,16384,bf16,torch,cuda_graph,874.1816135874966,20,5,50,473dd88968fee9937f9023fbb47b6cd74bf7c07fd7ecb4d65cc6c924c1751fd9,168cdc8f230bc2137e7a1ee67b6b597203fbf4fd,True,NVIDIA GeForce RTX 3050 Ti Laptop GPU,610.47,P0,1920,6001,66.13,79
20261003T101637Z,5,NVIDIA GeForce RTX 3050 Ti Laptop GPU,610.47,P0,1920,6001,64.39,76,2.8.0+cu128,12.8,3.4.0,512,8192,16384,bf16,torch,cuda_graph,874.0642614531935,20,5,50,473dd88968fee9937f9023fbb47b6cd74bf7c07fd7ecb4d65cc6c924c1751fd9,168cdc8f230bc2137e7a1ee67b6b597203fbf4fd,True,NVIDIA GeForce RTX 3050 Ti Laptop GPU,610.47,P0,1920,6001,66.13,79
20261003T101637Z,5,NVIDIA GeForce RTX 3050 Ti Laptop GPU,610.47,P0,1920,6001,64.39,76,2.8.0+cu128,12.8,3.4.0,512,8192,16384,bf16,triton,cuda_graph,137.16843610252837,20,5,50,473dd88968fee9937f9023fbb47b6cd74bf7c07fd7ecb4d65cc6c924c1751fd9,168cdc8f230bc2137e7a1ee67b6b597203fbf4fd,True,NVIDIA GeForce RTX 3050 Ti Laptop GPU,610.47,P0,1920,6001,66.13,79
