timestamp_utc,ncu_launch_id,repeat,rows,hidden_size,dtype,configuration,backend,measurement,torch,cuda,triton,ncu,rows_per_program,warps,block_size,cache_control,clock_control,metric_passes,kernel_source_sha256,reference_source_sha256,source_revision,dirty,kernel_duration_us,dram_bytes,registers_per_thread,achieved_occupancy_pct,sm_throughput_pct,dram_throughput_pct,compiler_spills,shared_bytes,initial_gpu_utilization_pct,thermal_before,thermal_after,gpu_before,driver_before,pstate_before,sm_clock_mhz_before,memory_clock_mhz_before,power_w_before,temperature_c_before,gpu_after,driver_after,pstate_after,sm_clock_mhz_after,memory_clock_mhz_after,power_w_after,temperature_c_after
20261005T125234Z,0,1,512,128,bf16,before,triton,nsight_compute,2.8.0+cu128,12.8,3.4.0,2022.4.1.0,1,4,128,all,base,7,71611108dd2ffe2c896d2402e035fc1614d214c7b592a247071c3286b9bdc306,bc9c4c76b074bd70bf02cf4d5a0e4b68b93850493e2e52019fa17ae4bd4bdeff,b1faf4b871a960dd2e14f9bb24ce18129bf16767,True,6.304,182528,16.0,82.301273,57.866184,15.691021,0,16,0,Not Active,Not Active,NVIDIA GeForce RTX 3050 Ti Laptop GPU,610.47,P0,1695,6001,19.75,60,NVIDIA GeForce RTX 3050 Ti Laptop GPU,610.47,P0,1695,6001,19.90,60
20261005T125234Z,1,1,512,128,bf16,after,triton,nsight_compute,2.8.0+cu128,12.8,3.4.0,2022.4.1.0,1,1,128,all,base,7,e6093007385fbfec41c730644131a7aa7ddbe199718163ff7b9b284dff9a9857,bc9c4c76b074bd70bf02cf4d5a0e4b68b93850493e2e52019fa17ae4bd4bdeff,b1faf4b871a960dd2e14f9bb24ce18129bf16767,True,4.16,179200,16.0,22.212307,11.502635,23.521505,0,0,0,Not Active,Not Active,NVIDIA GeForce RTX 3050 Ti Laptop GPU,610.47,P0,1695,6001,19.75,60,NVIDIA GeForce RTX 3050 Ti Laptop GPU,610.47,P0,1695,6001,19.90,60
20261005T125234Z,2,2,512,128,bf16,after,triton,nsight_compute,2.8.0+cu128,12.8,3.4.0,2022.4.1.0,1,1,128,all,base,7,e6093007385fbfec41c730644131a7aa7ddbe199718163ff7b9b284dff9a9857,bc9c4c76b074bd70bf02cf4d5a0e4b68b93850493e2e52019fa17ae4bd4bdeff,b1faf4b871a960dd2e14f9bb24ce18129bf16767,True,4.192,182272,16.0,21.9416,11.151881,23.177083,0,0,0,Not Active,Not Active,NVIDIA GeForce RTX 3050 Ti Laptop GPU,610.47,P0,1695,6001,19.75,60,NVIDIA GeForce RTX 3050 Ti Laptop GPU,610.47,P0,1695,6001,19.90,60
20261005T125234Z,3,2,512,128,bf16,before,triton,nsight_compute,2.8.0+cu128,12.8,3.4.0,2022.4.1.0,1,4,128,all,base,7,71611108dd2ffe2c896d2402e035fc1614d214c7b592a247071c3286b9bdc306,bc9c4c76b074bd70bf02cf4d5a0e4b68b93850493e2e52019fa17ae4bd4bdeff,b1faf4b871a960dd2e14f9bb24ce18129bf16767,True,6.24,183424,16.0,85.104601,57.722661,15.65778,0,16,0,Not Active,Not Active,NVIDIA GeForce RTX 3050 Ti Laptop GPU,610.47,P0,1695,6001,19.75,60,NVIDIA GeForce RTX 3050 Ti Laptop GPU,610.47,P0,1695,6001,19.90,60
20261005T125234Z,4,3,512,128,bf16,before,triton,nsight_compute,2.8.0+cu128,12.8,3.4.0,2022.4.1.0,1,4,128,all,base,7,71611108dd2ffe2c896d2402e035fc1614d214c7b592a247071c3286b9bdc306,bc9c4c76b074bd70bf02cf4d5a0e4b68b93850493e2e52019fa17ae4bd4bdeff,b1faf4b871a960dd2e14f9bb24ce18129bf16767,True,6.304,192640,16.0,82.489155,57.589562,16.444493,0,16,0,Not Active,Not Active,NVIDIA GeForce RTX 3050 Ti Laptop GPU,610.47,P0,1695,6001,19.75,60,NVIDIA GeForce RTX 3050 Ti Laptop GPU,610.47,P0,1695,6001,19.90,60
20261005T125234Z,5,3,512,128,bf16,after,triton,nsight_compute,2.8.0+cu128,12.8,3.4.0,2022.4.1.0,1,1,128,all,base,7,e6093007385fbfec41c730644131a7aa7ddbe199718163ff7b9b284dff9a9857,bc9c4c76b074bd70bf02cf4d5a0e4b68b93850493e2e52019fa17ae4bd4bdeff,b1faf4b871a960dd2e14f9bb24ce18129bf16767,True,4.096,179712,16.0,22.113324,11.252747,23.337766,0,0,0,Not Active,Not Active,NVIDIA GeForce RTX 3050 Ti Laptop GPU,610.47,P0,1695,6001,19.75,60,NVIDIA GeForce RTX 3050 Ti Laptop GPU,610.47,P0,1695,6001,19.90,60
20261005T125234Z,6,1,512,129,bf16,before,triton,nsight_compute,2.8.0+cu128,12.8,3.4.0,2022.4.1.0,1,4,256,all,base,7,71611108dd2ffe2c896d2402e035fc1614d214c7b592a247071c3286b9bdc306,bc9c4c76b074bd70bf02cf4d5a0e4b68b93850493e2e52019fa17ae4bd4bdeff,b1faf4b871a960dd2e14f9bb24ce18129bf16767,True,6.624,222720,18.0,82.012346,58.115778,18.369932,0,16,0,Not Active,Not Active,NVIDIA GeForce RTX 3050 Ti Laptop GPU,610.47,P0,1695,6001,19.75,60,NVIDIA GeForce RTX 3050 Ti Laptop GPU,610.47,P0,1695,6001,19.90,60
20261005T125234Z,7,1,512,129,bf16,after,triton,nsight_compute,2.8.0+cu128,12.8,3.4.0,2022.4.1.0,1,1,256,all,base,7,e6093007385fbfec41c730644131a7aa7ddbe199718163ff7b9b284dff9a9857,bc9c4c76b074bd70bf02cf4d5a0e4b68b93850493e2e52019fa17ae4bd4bdeff,b1faf4b871a960dd2e14f9bb24ce18129bf16767,True,4.352,206976,18.0,23.702334,18.27639,26.318359,0,0,0,Not Active,Not Active,NVIDIA GeForce RTX 3050 Ti Laptop GPU,610.47,P0,1695,6001,19.75,60,NVIDIA GeForce RTX 3050 Ti Laptop GPU,610.47,P0,1695,6001,19.90,60
20261005T125234Z,8,2,512,129,bf16,after,triton,nsight_compute,2.8.0+cu128,12.8,3.4.0,2022.4.1.0,1,1,256,all,base,7,e6093007385fbfec41c730644131a7aa7ddbe199718163ff7b9b284dff9a9857,bc9c4c76b074bd70bf02cf4d5a0e4b68b93850493e2e52019fa17ae4bd4bdeff,b1faf4b871a960dd2e14f9bb24ce18129bf16767,True,4.32,202880,18.0,23.685833,17.389617,24.765625,0,0,0,Not Active,Not Active,NVIDIA GeForce RTX 3050 Ti Laptop GPU,610.47,P0,1695,6001,19.75,60,NVIDIA GeForce RTX 3050 Ti Laptop GPU,610.47,P0,1695,6001,19.90,60
20261005T125234Z,9,2,512,129,bf16,before,triton,nsight_compute,2.8.0+cu128,12.8,3.4.0,2022.4.1.0,1,4,256,all,base,7,71611108dd2ffe2c896d2402e035fc1614d214c7b592a247071c3286b9bdc306,bc9c4c76b074bd70bf02cf4d5a0e4b68b93850493e2e52019fa17ae4bd4bdeff,b1faf4b871a960dd2e14f9bb24ce18129bf16767,True,6.56,231808,18.0,82.624412,58.273264,19.11951,0,16,0,Not Active,Not Active,NVIDIA GeForce RTX 3050 Ti Laptop GPU,610.47,P0,1695,6001,19.75,60,NVIDIA GeForce RTX 3050 Ti Laptop GPU,610.47,P0,1695,6001,19.90,60
20261005T125234Z,10,3,512,129,bf16,before,triton,nsight_compute,2.8.0+cu128,12.8,3.4.0,2022.4.1.0,1,4,256,all,base,7,71611108dd2ffe2c896d2402e035fc1614d214c7b592a247071c3286b9bdc306,bc9c4c76b074bd70bf02cf4d5a0e4b68b93850493e2e52019fa17ae4bd4bdeff,b1faf4b871a960dd2e14f9bb24ce18129bf16767,True,6.464,223872,18.0,80.688937,58.387184,18.464949,0,16,0,Not Active,Not Active,NVIDIA GeForce RTX 3050 Ti Laptop GPU,610.47,P0,1695,6001,19.75,60,NVIDIA GeForce RTX 3050 Ti Laptop GPU,610.47,P0,1695,6001,19.90,60
20261005T125234Z,11,3,512,129,bf16,after,triton,nsight_compute,2.8.0+cu128,12.8,3.4.0,2022.4.1.0,1,1,256,all,base,7,e6093007385fbfec41c730644131a7aa7ddbe199718163ff7b9b284dff9a9857,bc9c4c76b074bd70bf02cf4d5a0e4b68b93850493e2e52019fa17ae4bd4bdeff,b1faf4b871a960dd2e14f9bb24ce18129bf16767,True,4.32,204928,18.0,23.8931,18.082745,26.332237,0,0,0,Not Active,Not Active,NVIDIA GeForce RTX 3050 Ti Laptop GPU,610.47,P0,1695,6001,19.75,60,NVIDIA GeForce RTX 3050 Ti Laptop GPU,610.47,P0,1695,6001,19.90,60
20261005T125234Z,12,1,512,256,bf16,before,triton,nsight_compute,2.8.0+cu128,12.8,3.4.0,2022.4.1.0,1,4,256,all,base,7,71611108dd2ffe2c896d2402e035fc1614d214c7b592a247071c3286b9bdc306,bc9c4c76b074bd70bf02cf4d5a0e4b68b93850493e2e52019fa17ae4bd4bdeff,b1faf4b871a960dd2e14f9bb24ce18129bf16767,True,6.464,394112,17.0,83.418507,54.2258,31.650905,0,16,0,Not Active,Not Active,NVIDIA GeForce RTX 3050 Ti Laptop GPU,610.47,P0,1695,6001,19.75,60,NVIDIA GeForce RTX 3050 Ti Laptop GPU,610.47,P0,1695,6001,19.90,60
20261005T125234Z,13,1,512,256,bf16,after,triton,nsight_compute,2.8.0+cu128,12.8,3.4.0,2022.4.1.0,1,1,256,all,base,7,e6093007385fbfec41c730644131a7aa7ddbe199718163ff7b9b284dff9a9857,bc9c4c76b074bd70bf02cf4d5a0e4b68b93850493e2e52019fa17ae4bd4bdeff,b1faf4b871a960dd2e14f9bb24ce18129bf16767,True,4.8,394880,20.0,24.654301,14.371655,45.474646,0,0,0,Not Active,Not Active,NVIDIA GeForce RTX 3050 Ti Laptop GPU,610.47,P0,1695,6001,19.75,60,NVIDIA GeForce RTX 3050 Ti Laptop GPU,610.47,P0,1695,6001,19.90,60
20261005T125234Z,14,2,512,256,bf16,after,triton,nsight_compute,2.8.0+cu128,12.8,3.4.0,2022.4.1.0,1,1,256,all,base,7,e6093007385fbfec41c730644131a7aa7ddbe199718163ff7b9b284dff9a9857,bc9c4c76b074bd70bf02cf4d5a0e4b68b93850493e2e52019fa17ae4bd4bdeff,b1faf4b871a960dd2e14f9bb24ce18129bf16767,True,4.672,392576,20.0,23.482223,14.901102,46.98223,0,0,0,Not Active,Not Active,NVIDIA GeForce RTX 3050 Ti Laptop GPU,610.47,P0,1695,6001,19.75,60,NVIDIA GeForce RTX 3050 Ti Laptop GPU,610.47,P0,1695,6001,19.90,60
20261005T125234Z,15,2,512,256,bf16,before,triton,nsight_compute,2.8.0+cu128,12.8,3.4.0,2022.4.1.0,1,4,256,all,base,7,71611108dd2ffe2c896d2402e035fc1614d214c7b592a247071c3286b9bdc306,bc9c4c76b074bd70bf02cf4d5a0e4b68b93850493e2e52019fa17ae4bd4bdeff,b1faf4b871a960dd2e14f9bb24ce18129bf16767,True,6.656,394112,17.0,83.874411,56.819443,33.178879,0,16,0,Not Active,Not Active,NVIDIA GeForce RTX 3050 Ti Laptop GPU,610.47,P0,1695,6001,19.75,60,NVIDIA GeForce RTX 3050 Ti Laptop GPU,610.47,P0,1695,6001,19.90,60
20261005T125234Z,16,3,512,256,bf16,before,triton,nsight_compute,2.8.0+cu128,12.8,3.4.0,2022.4.1.0,1,4,256,all,base,7,71611108dd2ffe2c896d2402e035fc1614d214c7b592a247071c3286b9bdc306,bc9c4c76b074bd70bf02cf4d5a0e4b68b93850493e2e52019fa17ae4bd4bdeff,b1faf4b871a960dd2e14f9bb24ce18129bf16767,True,6.688,394112,17.0,85.346891,56.094221,32.727466,0,16,0,Not Active,Not Active,NVIDIA GeForce RTX 3050 Ti Laptop GPU,610.47,P0,1695,6001,19.75,60,NVIDIA GeForce RTX 3050 Ti Laptop GPU,610.47,P0,1695,6001,19.90,60
20261005T125234Z,17,3,512,256,bf16,after,triton,nsight_compute,2.8.0+cu128,12.8,3.4.0,2022.4.1.0,1,1,256,all,base,7,e6093007385fbfec41c730644131a7aa7ddbe199718163ff7b9b284dff9a9857,bc9c4c76b074bd70bf02cf4d5a0e4b68b93850493e2e52019fa17ae4bd4bdeff,b1faf4b871a960dd2e14f9bb24ce18129bf16767,True,4.576,395008,20.0,24.384318,14.378729,45.489387,0,0,0,Not Active,Not Active,NVIDIA GeForce RTX 3050 Ti Laptop GPU,610.47,P0,1695,6001,19.75,60,NVIDIA GeForce RTX 3050 Ti Laptop GPU,610.47,P0,1695,6001,19.90,60
20261005T125234Z,18,1,512,257,bf16,before,triton,nsight_compute,2.8.0+cu128,12.8,3.4.0,2022.4.1.0,1,4,512,all,base,7,71611108dd2ffe2c896d2402e035fc1614d214c7b592a247071c3286b9bdc306,bc9c4c76b074bd70bf02cf4d5a0e4b68b93850493e2e52019fa17ae4bd4bdeff,b1faf4b871a960dd2e14f9bb24ce18129bf16767,True,6.944,461568,17.0,82.612052,58.757934,35.436321,0,16,0,Not Active,Not Active,NVIDIA GeForce RTX 3050 Ti Laptop GPU,610.47,P0,1695,6001,19.75,60,NVIDIA GeForce RTX 3050 Ti Laptop GPU,610.47,P0,1695,6001,19.90,60
20261005T125234Z,19,1,512,257,bf16,after,triton,nsight_compute,2.8.0+cu128,12.8,3.4.0,2022.4.1.0,1,4,512,all,base,7,e6093007385fbfec41c730644131a7aa7ddbe199718163ff7b9b284dff9a9857,bc9c4c76b074bd70bf02cf4d5a0e4b68b93850493e2e52019fa17ae4bd4bdeff,b1faf4b871a960dd2e14f9bb24ce18129bf16767,True,6.816,458368,17.0,83.382086,59.397362,35.638933,0,16,0,Not Active,Not Active,NVIDIA GeForce RTX 3050 Ti Laptop GPU,610.47,P0,1695,6001,19.75,60,NVIDIA GeForce RTX 3050 Ti Laptop GPU,610.47,P0,1695,6001,19.90,60
20261005T125234Z,20,2,512,257,bf16,after,triton,nsight_compute,2.8.0+cu128,12.8,3.4.0,2022.4.1.0,1,4,512,all,base,7,e6093007385fbfec41c730644131a7aa7ddbe199718163ff7b9b284dff9a9857,bc9c4c76b074bd70bf02cf4d5a0e4b68b93850493e2e52019fa17ae4bd4bdeff,b1faf4b871a960dd2e14f9bb24ce18129bf16767,True,6.816,460800,17.0,83.088357,59.17259,35.828025,0,16,0,Not Active,Not Active,NVIDIA GeForce RTX 3050 Ti Laptop GPU,610.47,P0,1695,6001,19.75,60,NVIDIA GeForce RTX 3050 Ti Laptop GPU,610.47,P0,1695,6001,19.90,60
20261005T125234Z,21,2,512,257,bf16,before,triton,nsight_compute,2.8.0+cu128,12.8,3.4.0,2022.4.1.0,1,4,512,all,base,7,71611108dd2ffe2c896d2402e035fc1614d214c7b592a247071c3286b9bdc306,bc9c4c76b074bd70bf02cf4d5a0e4b68b93850493e2e52019fa17ae4bd4bdeff,b1faf4b871a960dd2e14f9bb24ce18129bf16767,True,6.848,468480,17.0,83.316243,59.464515,36.19462,0,16,0,Not Active,Not Active,NVIDIA GeForce RTX 3050 Ti Laptop GPU,610.47,P0,1695,6001,19.75,60,NVIDIA GeForce RTX 3050 Ti Laptop GPU,610.47,P0,1695,6001,19.90,60
20261005T125234Z,22,3,512,257,bf16,before,triton,nsight_compute,2.8.0+cu128,12.8,3.4.0,2022.4.1.0,1,4,512,all,base,7,71611108dd2ffe2c896d2402e035fc1614d214c7b592a247071c3286b9bdc306,bc9c4c76b074bd70bf02cf4d5a0e4b68b93850493e2e52019fa17ae4bd4bdeff,b1faf4b871a960dd2e14f9bb24ce18129bf16767,True,6.912,468992,17.0,81.718298,59.218014,36.234177,0,16,0,Not Active,Not Active,NVIDIA GeForce RTX 3050 Ti Laptop GPU,610.47,P0,1695,6001,19.75,60,NVIDIA GeForce RTX 3050 Ti Laptop GPU,610.47,P0,1695,6001,19.90,60
20261005T125234Z,23,3,512,257,bf16,after,triton,nsight_compute,2.8.0+cu128,12.8,3.4.0,2022.4.1.0,1,4,512,all,base,7,e6093007385fbfec41c730644131a7aa7ddbe199718163ff7b9b284dff9a9857,bc9c4c76b074bd70bf02cf4d5a0e4b68b93850493e2e52019fa17ae4bd4bdeff,b1faf4b871a960dd2e14f9bb24ce18129bf16767,True,6.88,461568,17.0,84.420531,58.994596,35.660601,0,16,0,Not Active,Not Active,NVIDIA GeForce RTX 3050 Ti Laptop GPU,610.47,P0,1695,6001,19.75,60,NVIDIA GeForce RTX 3050 Ti Laptop GPU,610.47,P0,1695,6001,19.90,60
20261005T125234Z,24,1,512,512,bf16,before,triton,nsight_compute,2.8.0+cu128,12.8,3.4.0,2022.4.1.0,1,4,512,all,base,7,71611108dd2ffe2c896d2402e035fc1614d214c7b592a247071c3286b9bdc306,bc9c4c76b074bd70bf02cf4d5a0e4b68b93850493e2e52019fa17ae4bd4bdeff,b1faf4b871a960dd2e14f9bb24ce18129bf16767,True,7.744,918272,20.0,78.223344,46.653606,63.689631,0,16,0,Not Active,Not Active,NVIDIA GeForce RTX 3050 Ti Laptop GPU,610.47,P0,1695,6001,19.75,60,NVIDIA GeForce RTX 3050 Ti Laptop GPU,610.47,P0,1695,6001,19.90,60
20261005T125234Z,25,1,512,512,bf16,after,triton,nsight_compute,2.8.0+cu128,12.8,3.4.0,2022.4.1.0,1,4,512,all,base,7,e6093007385fbfec41c730644131a7aa7ddbe199718163ff7b9b284dff9a9857,bc9c4c76b074bd70bf02cf4d5a0e4b68b93850493e2e52019fa17ae4bd4bdeff,b1faf4b871a960dd2e14f9bb24ce18129bf16767,True,7.744,918912,20.0,78.100088,46.536993,63.373941,0,16,0,Not Active,Not Active,NVIDIA GeForce RTX 3050 Ti Laptop GPU,610.47,P0,1695,6001,19.75,60,NVIDIA GeForce RTX 3050 Ti Laptop GPU,610.47,P0,1695,6001,19.90,60
20261005T125234Z,26,2,512,512,bf16,after,triton,nsight_compute,2.8.0+cu128,12.8,3.4.0,2022.4.1.0,1,4,512,all,base,7,e6093007385fbfec41c730644131a7aa7ddbe199718163ff7b9b284dff9a9857,bc9c4c76b074bd70bf02cf4d5a0e4b68b93850493e2e52019fa17ae4bd4bdeff,b1faf4b871a960dd2e14f9bb24ce18129bf16767,True,7.808,917120,20.0,78.768882,45.993532,62.543645,0,16,0,Not Active,Not Active,NVIDIA GeForce RTX 3050 Ti Laptop GPU,610.47,P0,1695,6001,19.75,60,NVIDIA GeForce RTX 3050 Ti Laptop GPU,610.47,P0,1695,6001,19.90,60
20261005T125234Z,27,2,512,512,bf16,before,triton,nsight_compute,2.8.0+cu128,12.8,3.4.0,2022.4.1.0,1,4,512,all,base,7,71611108dd2ffe2c896d2402e035fc1614d214c7b592a247071c3286b9bdc306,bc9c4c76b074bd70bf02cf4d5a0e4b68b93850493e2e52019fa17ae4bd4bdeff,b1faf4b871a960dd2e14f9bb24ce18129bf16767,True,7.936,917376,20.0,75.641006,47.260811,63.991071,0,16,0,Not Active,Not Active,NVIDIA GeForce RTX 3050 Ti Laptop GPU,610.47,P0,1695,6001,19.75,60,NVIDIA GeForce RTX 3050 Ti Laptop GPU,610.47,P0,1695,6001,19.90,60
20261005T125234Z,28,3,512,512,bf16,before,triton,nsight_compute,2.8.0+cu128,12.8,3.4.0,2022.4.1.0,1,4,512,all,base,7,71611108dd2ffe2c896d2402e035fc1614d214c7b592a247071c3286b9bdc306,bc9c4c76b074bd70bf02cf4d5a0e4b68b93850493e2e52019fa17ae4bd4bdeff,b1faf4b871a960dd2e14f9bb24ce18129bf16767,True,7.776,916608,20.0,72.902712,46.080461,62.859902,0,16,0,Not Active,Not Active,NVIDIA GeForce RTX 3050 Ti Laptop GPU,610.47,P0,1695,6001,19.75,60,NVIDIA GeForce RTX 3050 Ti Laptop GPU,610.47,P0,1695,6001,19.90,60
20261005T125234Z,29,3,512,512,bf16,after,triton,nsight_compute,2.8.0+cu128,12.8,3.4.0,2022.4.1.0,1,4,512,all,base,7,e6093007385fbfec41c730644131a7aa7ddbe199718163ff7b9b284dff9a9857,bc9c4c76b074bd70bf02cf4d5a0e4b68b93850493e2e52019fa17ae4bd4bdeff,b1faf4b871a960dd2e14f9bb24ce18129bf16767,True,7.808,917760,20.0,76.718088,45.970819,62.239583,0,16,0,Not Active,Not Active,NVIDIA GeForce RTX 3050 Ti Laptop GPU,610.47,P0,1695,6001,19.75,60,NVIDIA GeForce RTX 3050 Ti Laptop GPU,610.47,P0,1695,6001,19.90,60
20261005T125234Z,30,1,512,1024,bf16,before,triton,nsight_compute,2.8.0+cu128,12.8,3.4.0,2022.4.1.0,1,4,1024,all,base,7,71611108dd2ffe2c896d2402e035fc1614d214c7b592a247071c3286b9bdc306,bc9c4c76b074bd70bf02cf4d5a0e4b68b93850493e2e52019fa17ae4bd4bdeff,b1faf4b871a960dd2e14f9bb24ce18129bf16767,True,10.848,1783168,23.0,74.679907,33.16277,87.06875,0,16,0,Not Active,Not Active,NVIDIA GeForce RTX 3050 Ti Laptop GPU,610.47,P0,1695,6001,19.75,60,NVIDIA GeForce RTX 3050 Ti Laptop GPU,610.47,P0,1695,6001,19.90,60
20261005T125234Z,31,1,512,1024,bf16,after,triton,nsight_compute,2.8.0+cu128,12.8,3.4.0,2022.4.1.0,1,4,1024,all,base,7,e6093007385fbfec41c730644131a7aa7ddbe199718163ff7b9b284dff9a9857,bc9c4c76b074bd70bf02cf4d5a0e4b68b93850493e2e52019fa17ae4bd4bdeff,b1faf4b871a960dd2e14f9bb24ce18129bf16767,True,11.616,1911296,23.0,75.009752,30.989922,87.711466,0,16,0,Not Active,Not Active,NVIDIA GeForce RTX 3050 Ti Laptop GPU,610.47,P0,1695,6001,19.75,60,NVIDIA GeForce RTX 3050 Ti Laptop GPU,610.47,P0,1695,6001,19.90,60
20261005T125234Z,32,2,512,1024,bf16,after,triton,nsight_compute,2.8.0+cu128,12.8,3.4.0,2022.4.1.0,1,4,1024,all,base,7,e6093007385fbfec41c730644131a7aa7ddbe199718163ff7b9b284dff9a9857,bc9c4c76b074bd70bf02cf4d5a0e4b68b93850493e2e52019fa17ae4bd4bdeff,b1faf4b871a960dd2e14f9bb24ce18129bf16767,True,11.744,1773184,23.0,75.800594,33.441103,87.989075,0,16,0,Not Active,Not Active,NVIDIA GeForce RTX 3050 Ti Laptop GPU,610.47,P0,1695,6001,19.75,60,NVIDIA GeForce RTX 3050 Ti Laptop GPU,610.47,P0,1695,6001,19.90,60
20261005T125234Z,33,2,512,1024,bf16,before,triton,nsight_compute,2.8.0+cu128,12.8,3.4.0,2022.4.1.0,1,4,1024,all,base,7,71611108dd2ffe2c896d2402e035fc1614d214c7b592a247071c3286b9bdc306,bc9c4c76b074bd70bf02cf4d5a0e4b68b93850493e2e52019fa17ae4bd4bdeff,b1faf4b871a960dd2e14f9bb24ce18129bf16767,True,10.944,1779328,23.0,73.521646,32.996069,87.230171,0,16,0,Not Active,Not Active,NVIDIA GeForce RTX 3050 Ti Laptop GPU,610.47,P0,1695,6001,19.75,60,NVIDIA GeForce RTX 3050 Ti Laptop GPU,610.47,P0,1695,6001,19.90,60
20261005T125234Z,34,3,512,1024,bf16,before,triton,nsight_compute,2.8.0+cu128,12.8,3.4.0,2022.4.1.0,1,4,1024,all,base,7,71611108dd2ffe2c896d2402e035fc1614d214c7b592a247071c3286b9bdc306,bc9c4c76b074bd70bf02cf4d5a0e4b68b93850493e2e52019fa17ae4bd4bdeff,b1faf4b871a960dd2e14f9bb24ce18129bf16767,True,11.2,1912832,23.0,73.887849,31.014326,87.781955,0,16,0,Not Active,Not Active,NVIDIA GeForce RTX 3050 Ti Laptop GPU,610.47,P0,1695,6001,19.75,60,NVIDIA GeForce RTX 3050 Ti Laptop GPU,610.47,P0,1695,6001,19.90,60
20261005T125234Z,35,3,512,1024,bf16,after,triton,nsight_compute,2.8.0+cu128,12.8,3.4.0,2022.4.1.0,1,4,1024,all,base,7,e6093007385fbfec41c730644131a7aa7ddbe199718163ff7b9b284dff9a9857,bc9c4c76b074bd70bf02cf4d5a0e4b68b93850493e2e52019fa17ae4bd4bdeff,b1faf4b871a960dd2e14f9bb24ce18129bf16767,True,10.976,1763456,23.0,79.162821,33.302979,87.152075,0,16,0,Not Active,Not Active,NVIDIA GeForce RTX 3050 Ti Laptop GPU,610.47,P0,1695,6001,19.75,60,NVIDIA GeForce RTX 3050 Ti Laptop GPU,610.47,P0,1695,6001,19.90,60
20261005T125234Z,36,1,512,8192,bf16,before,triton,nsight_compute,2.8.0+cu128,12.8,3.4.0,2022.4.1.0,1,4,8192,all,base,7,71611108dd2ffe2c896d2402e035fc1614d214c7b592a247071c3286b9bdc306,bc9c4c76b074bd70bf02cf4d5a0e4b68b93850493e2e52019fa17ae4bd4bdeff,b1faf4b871a960dd2e14f9bb24ce18129bf16767,True,86.208,15581568,84.0,39.148263,20.056759,94.535133,0,16,0,Not Active,Not Active,NVIDIA GeForce RTX 3050 Ti Laptop GPU,610.47,P0,1695,6001,19.75,60,NVIDIA GeForce RTX 3050 Ti Laptop GPU,610.47,P0,1695,6001,19.90,60
20261005T125234Z,37,1,512,8192,bf16,after,triton,nsight_compute,2.8.0+cu128,12.8,3.4.0,2022.4.1.0,1,4,8192,all,base,7,e6093007385fbfec41c730644131a7aa7ddbe199718163ff7b9b284dff9a9857,bc9c4c76b074bd70bf02cf4d5a0e4b68b93850493e2e52019fa17ae4bd4bdeff,b1faf4b871a960dd2e14f9bb24ce18129bf16767,True,85.6,15550848,84.0,38.903483,20.132808,94.725393,0,16,0,Not Active,Not Active,NVIDIA GeForce RTX 3050 Ti Laptop GPU,610.47,P0,1695,6001,19.75,60,NVIDIA GeForce RTX 3050 Ti Laptop GPU,610.47,P0,1695,6001,19.90,60
20261005T125234Z,38,2,512,8192,bf16,after,triton,nsight_compute,2.8.0+cu128,12.8,3.4.0,2022.4.1.0,1,4,8192,all,base,7,e6093007385fbfec41c730644131a7aa7ddbe199718163ff7b9b284dff9a9857,bc9c4c76b074bd70bf02cf4d5a0e4b68b93850493e2e52019fa17ae4bd4bdeff,b1faf4b871a960dd2e14f9bb24ce18129bf16767,True,86.048,15482752,84.0,38.978235,20.203033,94.641181,0,16,0,Not Active,Not Active,NVIDIA GeForce RTX 3050 Ti Laptop GPU,610.47,P0,1695,6001,19.75,60,NVIDIA GeForce RTX 3050 Ti Laptop GPU,610.47,P0,1695,6001,19.90,60
20261005T125234Z,39,2,512,8192,bf16,before,triton,nsight_compute,2.8.0+cu128,12.8,3.4.0,2022.4.1.0,1,4,8192,all,base,7,71611108dd2ffe2c896d2402e035fc1614d214c7b592a247071c3286b9bdc306,bc9c4c76b074bd70bf02cf4d5a0e4b68b93850493e2e52019fa17ae4bd4bdeff,b1faf4b871a960dd2e14f9bb24ce18129bf16767,True,86.08,15514496,84.0,39.256523,20.216489,94.930294,0,16,0,Not Active,Not Active,NVIDIA GeForce RTX 3050 Ti Laptop GPU,610.47,P0,1695,6001,19.75,60,NVIDIA GeForce RTX 3050 Ti Laptop GPU,610.47,P0,1695,6001,19.90,60
20261005T125234Z,40,3,512,8192,bf16,before,triton,nsight_compute,2.8.0+cu128,12.8,3.4.0,2022.4.1.0,1,4,8192,all,base,7,71611108dd2ffe2c896d2402e035fc1614d214c7b592a247071c3286b9bdc306,bc9c4c76b074bd70bf02cf4d5a0e4b68b93850493e2e52019fa17ae4bd4bdeff,b1faf4b871a960dd2e14f9bb24ce18129bf16767,True,86.304,15593088,84.0,38.977375,20.086981,94.746298,0,16,0,Not Active,Not Active,NVIDIA GeForce RTX 3050 Ti Laptop GPU,610.47,P0,1695,6001,19.75,60,NVIDIA GeForce RTX 3050 Ti Laptop GPU,610.47,P0,1695,6001,19.90,60
20261005T125234Z,41,3,512,8192,bf16,after,triton,nsight_compute,2.8.0+cu128,12.8,3.4.0,2022.4.1.0,1,4,8192,all,base,7,e6093007385fbfec41c730644131a7aa7ddbe199718163ff7b9b284dff9a9857,bc9c4c76b074bd70bf02cf4d5a0e4b68b93850493e2e52019fa17ae4bd4bdeff,b1faf4b871a960dd2e14f9bb24ce18129bf16767,True,85.984,15488256,84.0,39.125786,20.202466,94.722257,0,16,0,Not Active,Not Active,NVIDIA GeForce RTX 3050 Ti Laptop GPU,610.47,P0,1695,6001,19.75,60,NVIDIA GeForce RTX 3050 Ti Laptop GPU,610.47,P0,1695,6001,19.90,60
